Date,WorkoutType,Title,HeartRateAverage,TimeTotalInHours,DistanceInMeters,Calories
2022-03-13,Run,Saint-Mandé Corsa,147.0,0.22777777777777777,2190.0,200.0
2022-03-14,Run,Vincennes Corsa,126.0,0.31777777777777777,2360.0,216.0
2022-03-15,Run,Saint-Mandé Corsa,162.0,0.3661111111111111,3020.0,351.0
2022-03-16,Run,Saint-Mandé Corsa,151.0,0.5005555555555555,3560.0,439.0
2022-03-19,Run,Vincennes Corsa,138.0,0.09355555555555556,760.0,66.0
2022-03-19,Run,Paris - Gara di riferimento,161.0,0.20166666666666666,1830.0,179.0
2022-03-20,Run,Saint-Mandé - Corsa con tempi intermedi negati,146.0,0.5788888888888889,4130.0,465.0
2022-03-21,Run,Vincennes - Corsa breve,151.0,0.35083333333333333,2770.0,292.0
2022-03-22,Run,Saint-Mandé Corsa,151.0,0.4697222222222222,3480.0,393.0
2022-03-23,Run,Saint-Mandé - Corsa facile,161.0,0.4186111111111111,3420.0,367.0
2022-03-27,Run,Saint-Mandé - Corsa con tempi intermedi negati,153.0,0.7722222222222223,5570.0,613.0
2022-03-28,Run,Vincennes - Corsa breve,148.0,0.21138888888888888,1620.0,155.0
2022-03-31,Run,Saint-Mandé Corsa,164.0,0.3605555555555556,3320.0,312.0
2022-04-09,Run,Vincennes - Ripetute di cadenza,139.0,0.465,3220.0,291.0
2022-04-11,Run,Saint-Mandé - Corsa con tempi intermedi negati,165.0,0.7591666666666667,6440.0,656.0
2022-04-12,Run,Vincennes - Corsa breve,153.0,0.1827777777777778,1620.0,133.0
2022-04-16,Run,Vincennes - Corsa a ritmo di gara,161.0,0.3438888888888889,3220.0,269.0
2022-04-16,Swim,Nuoto in piscina,153.0,0.08169444444444444,300.0,96.0
2022-04-17,Swim,Nuoto in piscina,119.0,0.26416666666666666,1700.0,472.0
2022-04-17,Bike,Ciclismo indoor,143.0,0.3869444444444444,10000.0,293.0
2022-04-18,Run,Saint-Mandé - Corsa con tempi intermedi negati,159.0,1.2336111111111112,9660.0,938.0
2022-04-18,Swim,Nuoto in piscina,136.0,0.16469444444444445,1100.0,329.0
2022-04-19,Run,Vincennes - Corsa breve,156.0,0.42916666666666664,3220.0,317.0
2022-04-21,Run,Vincennes - Corsa facile,156.0,0.6311111111111111,4830.0,452.0
2022-04-23,Run,Vincennes - Corsa con tempi intermedi negati,155.0,1.3833333333333333,10460.0,955.0
2022-04-23,Run,Vincennes Corsa,155.0,0.14802777777777776,1070.0,105.0
2022-04-24,Swim,Nuoto in piscina,145.0,0.2772222222222222,1950.0,562.0
2022-04-24,Bike,Paris Ciclismo,130.0,0.3711111111111111,5840.0,223.0
2022-04-25,Run,Vincennes - Corsa breve,159.0,0.4658333333333333,4019.9999999999995,335.0
2022-04-28,Run,Saint-Mandé - Corsa a ritmo di gara,158.0,0.3522222222222222,3220.0,268.0
2022-04-30,Run,Saint-Mandé - Corsa con tempi intermedi negati,165.0,1.426388888888889,10460.0,1064.0
2022-05-01,Bike,Vincennes - Zona 2 Aerobica,121.0,1.3166666666666667,20670.0,505.0
2022-05-02,Run,Vincennes - Corsa breve,163.0,0.31666666666666665,3220.0,246.0
2022-05-03,Bike,Paris - Zona 2 Aerobica,117.0,0.7213888888888889,8189.999999999999,298.0
2022-05-04,Bike,Saint-Mandé - Ripetute in salita da 20 minuti,148.0,1.0725,20530.0,631.0
2022-05-04,Run,Corsa facile,149.0,0.8966666666666666,6450.0,577.0
2022-05-07,Bike,Vincennes Ciclismo,101.0,0.16916666666666666,2400.0,55.0
2022-05-07,Run,Corsa con tempi intermedi negati,155.0,0.9775,8000.0,692.0
2022-05-07,Bike,Fontenay-sous-Bois Ciclismo,143.0,0.1502777777777778,2500.0,100.0
2022-05-09,Bike,Saint-Mandé Ciclismo,115.0,0.2763888888888889,2690.0,117.0
2022-05-09,Run,Corsa breve,161.0,0.37722222222222224,3600.0,283.0
2022-05-11,Bike,Ciclismo indoor,145.0,1.0605555555555555,27300.0,636.0
2022-05-11,Run,Corsa facile,123.0,0.5655555555555556,1530.0,251.0
2022-05-11,Run,Vincennes Corsa,155.0,0.6202777777777778,5250.0,404.0
2022-05-15,Run,Corsa con tempi intermedi negati,155.0,1.5186111111111111,8000.0,1075.0
2022-05-16,Run,Corsa su tapis roulant,127.0,0.24805555555555556,450.0,122.0
2022-05-18,Bike,Ciclismo,138.0,0.5816666666666667,15000.0,345.0
2022-05-18,Run,Corsa facile,159.0,0.8597222222222223,6440.0,625.0
2022-05-19,Bike,Saint-Mandé - Zona 2 Aerobica,125.0,0.49277777777777776,7660.0,249.0
2022-05-19,Run,Paris - Ripetute di cadenza,148.0,0.5805555555555556,4830.0,359.0
2022-05-20,Bike,Vincennes Ciclismo,114.0,0.11641666666666667,1240.0,49.0
2022-05-21,Run,Vincennes - Corsa con tempi intermedi negati,147.0,1.7725,12870.0,943.0
2022-05-24,Run,Corsa su tapis roulant,87.0,0.023,50.0,5.0
2022-05-24,Run,Corsa,155.0,0.9422222222222222,4360.0,609.0
2022-05-25,Bike,Base Building,143.0,1.5727777777777778,0.0,886.0
2022-05-25,Swim,Nuoto in piscina,160.0,0.14091666666666666,450.0,105.0
2022-05-26,Bike,Easy Effort spin,132.0,0.5241666666666667,14000.0,284.0
2022-05-26,Run,Corsa su tapis roulant,149.0,0.5675,4000.0,377.0
2022-05-27,Swim,Nuoto in piscina,133.0,0.37833333333333335,2000.0,553.0
2022-05-27,Run,Zone 1 run,110.0,1.3272222222222223,2280.0,441.0
2022-05-28,Bike,Endurance Step Ups,137.0,2.706111111111111,72000.0,1070.0
2022-05-29,Swim,Nuoto in piscina,128.0,0.44666666666666666,650.0,179.0
2022-05-29,Run,Vincennes - Zone 2 Run,144.0,1.1344444444444444,8930.0,662.0
2022-05-31,Swim,Nuoto,144.0,0.25833333333333336,575.0,137.0
2022-05-31,Run,Zone 3 Intervals,143.0,0.7569444444444444,3510.0,438.0
2022-06-01,Swim,Nuoto,142.0,0.41,1000.0,247.0
2022-06-01,Bike,Easy Effort spin,126.0,0.6388888888888888,0.0,298.0
2022-06-01,Run,Fontenay-sous-Bois Corsa,122.0,0.19361111111111112,1390.0,99.0
2022-06-02,Run,Vincennes - Zone 4 Pyramid Run,149.0,0.8497222222222223,6430.0,500.0
2022-06-03,Bike,Muscular Endurance,127.0,0.5358333333333334,0.0,258.0
2022-06-04,Swim,Nuoto in piscina,136.0,0.6225,1100.0,246.0
2022-06-04,Run,Zone 1 Run,150.0,1.8908333333333334,14410.0,1239.0
2022-06-05,Bike,Vo2 short recovery step up inter,143.0,2.0275,0.0,1004.0
2022-06-05,Run,Vincennes Corsa,117.0,0.35583333333333333,2200.0,148.0
2022-06-07,Swim,Nuoto in piscina,140.0,0.6180555555555556,1350.0,314.0
2022-06-07,Run,Zone 5 Repeats,142.0,0.7441666666666666,6250.0,438.0
2022-06-09,Run,Vincennes - Zone 3 Intervals,150.0,0.9569444444444445,8010.0,593.0
2022-06-09,Swim,Nuoto in piscina,140.0,0.7138888888888889,1925.0,478.0
2022-06-10,Bike,Endurance Step Ups,146.0,1.2236111111111112,34800.0,645.0
2022-06-11,Swim,Nuoto in piscina,141.0,0.8752777777777778,2325.0,528.0
2022-06-11,Run,Vincennes - Zone 2 Run,147.0,2.0838888888888887,15790.0,1175.0
2022-06-12,Bike,Saint-Mandé - Race Pace Intervals,139.0,3.5327777777777776,96000.0,1510.0
2022-06-12,Run,Fontenay-sous-Bois - Zone 1 Run,136.0,0.505,3420.0,239.0
2022-06-14,Run,FTP Test,135.0,1.0591666666666666,5000.0,526.0
2022-06-14,Swim,Nuoto in piscina,145.0,1.1188888888888888,3000.0,719.0
2022-06-21,Run,Vincennes - Zone 3 Intervals,152.0,0.9238888888888889,8070.0,599.0
2022-06-21,Swim,Nuoto in piscina,126.0,0.7383333333333333,1550.0,345.0
2022-06-22,Bike,Easy Effort spin,132.0,0.5225,15400.0,284.0
2022-06-23,Swim,Nuoto in piscina,138.0,0.91,2325.0,555.0
2022-06-23,Run,Vincennes - Zone 2b Long Run,154.0,1.875,16020.0,1178.0
2022-06-25,Swim,Nuoto in piscina,144.0,1.4791666666666667,4000.0,945.0
2022-06-26,Bike,Vincennes - Race Pace Intervals,135.0,5.030833333333334,135600.0,2001.0
2022-06-26,Run,Brick Run,146.0,1.0091666666666668,8570.0,629.0
2022-07-10,Bike,Vincennes - Race Pace Intervals,139.0,2.506666666666667,43660.0,1148.0
2022-07-10,Run,Vincennes - Brick Run Mile Repeats,152.0,0.6177777777777778,5000.0,393.0
2022-07-11,Bike,Saint-Mandé Ciclismo,147.0,0.6452777777777777,14480.0,398.0
2022-07-12,Run,Zone 3 Intervals,151.0,1.4297222222222221,6510.0,842.0
2022-07-14,Swim,Nuoto in piscina,130.0,0.5547222222222222,1300.0,290.0
2022-07-14,Bike,Saint-Mandé - Muscular Endurance broken interv,154.0,0.7641666666666667,20780.0,527.0
2022-07-14,Run,Vincennes - Zone 2b Long Run,150.0,0.37277777777777776,3260.0,248.0
2022-07-15,Bike,Vincennes - Muscular Endurance,144.0,1.1188888888888888,30190.0,607.0
2022-07-16,Swim,Nuoto in piscina,145.0,0.6369444444444444,1650.0,404.0
2022-07-16,Run,Corsa su tapis roulant,145.0,2.111388888888889,17300.0,1121.0
2022-07-17,Bike,Vincennes - Race Pace Intervals,130.0,3.798611111111111,79720.0,1419.0
2022-07-19,Bike,Saint-Mandé - Race Pace Intervals,142.0,5.018611111111111,125180.0,2142.0
2022-07-21,Swim,Nuoto in piscina,129.0,0.5886111111111111,1500.0,357.0
2022-07-22,Swim,Nuoto in piscina,133.0,0.42777777777777776,1075.0,258.0
2022-07-22,Run,Vincennes - Zone 2b Long Run,146.0,2.3719444444444444,19480.0,1442.0
2022-07-24,Swim,Nuoto in piscina,144.0,1.4091666666666667,4050.0,1012.0
2022-08-01,Bike,Paris - Race Pace Intervals,143.0,1.8019444444444443,46100.0,1004.0
2022-08-01,Run,Vincennes - Brick Run Mile Repeats,146.0,0.7633333333333333,5350.0,437.0
2022-08-02,Swim,Nuoto in piscina,128.0,0.5169444444444444,1450.0,372.0
2022-08-07,Swim,Nuoto in piscina,158.0,1.4830555555555556,4175.0,1000.0
2022-08-07,Bike,Maastricht Ciclismo,147.0,7.666944444444445,178390.0,3297.0
2022-08-07,Run,Maastricht Corsa,130.0,6.153333333333333,42940.0,3122.0
2022-08-21,Bike,Bobigny - easy ride,131.0,0.7019444444444445,11530.0,313.0
2022-09-01,Bike,Paris Ciclismo,133.0,0.6972222222222222,16780.0,355.0
2022-09-03,Bike,Ciclismo indoor,138.0,0.4216666666666667,0.0,244.0
2022-09-04,Bike,Saint-Mandé Ciclismo,140.0,0.7594444444444445,17460.0,405.0
2022-09-11,Run,Corsa,120.0,0.09808333333333334,690.0,49.0
2022-09-13,Run,Corsa su tapis roulant,107.0,0.3386111111111111,1130.0,122.0
2022-09-19,Run,Corsa,131.0,0.5577777777777778,990.0,298.0
2022-09-19,Run,Corsa su tapis roulant,100.0,0.43027777777777776,2080.0,125.0
2022-09-20,Bike,Vincennes Ciclismo,134.0,0.7408333333333333,15750.0,392.0
2022-09-22,Run,Vincennes Corsa,141.0,0.3211111111111111,2690.0,208.0
2022-09-24,Run,Vincennes Corsa,151.0,0.5844444444444444,5410.0,406.0
2022-09-25,Bike,Vincennes Ciclismo,146.0,1.0847222222222221,25260.0,632.0
2022-09-30,Run,Corsa su tapis roulant,154.0,0.4136111111111111,2710.0,298.0
2022-10-07,Run,Corsa su tapis roulant,102.0,0.19416666666666665,600.0,63.0
2022-10-08,Run,Vincennes Corsa,143.0,1.0730555555555557,9200.0,680.0
2022-10-12,Run,Corsa su tapis roulant,140.0,0.7097222222222223,2450.0,358.0
2022-10-16,Run,Corsa su tapis roulant,139.0,0.8488888888888889,3860.0,481.0
2022-10-21,Run,Corsa su tapis roulant,143.0,0.47305555555555556,2210.0,285.0
2022-10-23,Bike,Vincennes - FTP Test,152.0,0.9044444444444445,23880.0,597.0
2022-10-25,Run,Vincennes - FTP Test,159.0,0.6441666666666667,6400.0,479.0
2022-10-26,Swim,Nuoto in piscina,145.0,0.5155555555555555,1300.0,294.0
2022-10-28,Bike,Vincennes - FTP Test,143.0,0.9083333333333333,23970.0,534.0
2022-10-30,Bike,Saint-Mandé - Vo2 building duration intervals,133.0,0.3358333333333333,2710.0,193.0
2022-10-30,Swim,Nuoto in piscina,139.0,0.8461111111111111,2350.0,578.0
2022-11-02,Bike,Saint-Mandé - Vo2 building duration intervals,137.0,0.8261111111111111,19830.0,442.0
2022-11-04,Run,Zone 1 Run,137.0,1.0072222222222222,5810.0,568.0
2022-11-11,Run,Corsa,139.0,0.405,2630.0,257.0
2022-11-13,Bike,Paris Ciclismo,139.0,0.8277777777777777,19930.0,441.0
2022-11-17,Run,Entrenamiento en cinta,160.0,0.48055555555555557,3260.0,369.0
2022-11-20,Swim,Natación en piscina,145.0,0.49416666666666664,1300.0,309.0
2022-12-01,Swim,Natación en piscina,127.0,0.17333333333333334,675.0,167.0
2022-12-16,Bike,Los Santos Ciclismo,145.0,0.6597222222222222,14640.0,413.0
2022-12-17,Run,Los Santos Carrera,150.0,0.25416666666666665,2400.0,193.0
2022-12-19,Bike,Los Santos Ciclismo,157.0,0.5952777777777778,14470.0,434.0
2022-12-22,Run,Los Santos - Long Zone 2 Run,156.0,0.8080555555555555,6660.0,560.0
2022-12-24,Bike,Piedecuesta - Bike Test,155.0,0.9688888888888889,21190.0,640.0
2022-12-24,Swim,Natación en piscina,128.0,0.3086111111111111,1325.0,352.0
2022-12-25,Run,Los Santos - Zone 1 Run,152.0,1.1688888888888889,8490.0,718.0
2022-12-26,Bike,Los Santos - Vo2 building duration intervals,134.0,0.9330555555555555,11380.0,463.0
2022-12-27,Swim,Natación en piscina,120.0,1.5169444444444444,6200.0,1683.0
2022-12-29,Swim,Natación en piscina,120.0,0.5052777777777778,1950.0,537.0
2022-12-29,Bike,Los Santos - Base Build Pyramid,142.0,0.7241666666666666,9430.0,440.0
2022-12-29,Run,Los Santos - Zone 4 Pyramid Run,150.0,0.8075,6100.0,498.0
2023-01-04,Run,Los Santos - Run Test,140.0,0.49,3550.0,281.0
2023-01-05,Swim,Natación en piscina,119.0,0.4886111111111111,1825.0,495.0
2023-01-07,Run,Los Santos - Zone 1 Run,136.0,0.9963888888888889,6760.0,529.0
2023-01-08,Bike,Los Santos - Vo2 building duration intervals,145.0,0.9002777777777777,20750.0,549.0
2023-01-11,Bike,Los Santos - Base Build Pyramid,147.0,1.001111111111111,22520.0,628.0
2023-01-12,Bike,Los Santos - Vo2 intervals,142.0,0.7561111111111111,17350.0,466.0
2023-01-13,Swim,Natación en piscina,122.0,0.5280555555555555,1650.0,460.0
2023-01-13,Run,Los Santos - Zone 1 Run,132.0,0.5161111111111111,3060.0,258.0
2023-01-14,Bike,Los Santos - Muscular Endurance,140.0,1.3994444444444445,30420.0,729.0
2023-01-15,Swim,Natación en piscina,141.0,1.186388888888889,4275.0,1187.0
2023-01-15,Run,Los Santos - Zone 2 Run,142.0,0.7141666666666666,5250.0,415.0
2023-02-12,Run,Carrera,122.0,0.06055555555555556,410.0,32.0
2023-03-14,Run,Carrera,135.0,0.7136111111111111,3870.0,381.0
2023-03-15,Run,Carrera,110.0,0.35944444444444446,1230.0,136.0
2023-03-17,Swim,Natación en piscina,140.0,0.5022222222222222,1400.0,340.0
2023-03-17,Run,Carrera,139.0,0.4988888888888889,1570.0,259.0
2023-03-19,Run,Carrera,138.0,0.8408333333333333,3260.0,476.0
2023-03-21,Bike,Vincennes - Base Building,142.0,0.6963888888888888,17700.0,431.0
2023-03-21,Swim,Natación en piscina,140.0,0.5138888888888888,1025.0,258.0
2023-03-22,Run,Vincennes - Run Test,148.0,0.8163888888888889,7090.0,542.0
2023-03-23,Swim,Natación en piscina,141.0,0.4791666666666667,1300.0,339.0
2023-03-25,Bike,Saint-Mandé - Bike Test,149.0,0.8675,23880.0,588.0
2023-03-25,Run,Zone 1 Run,123.0,1.1555555555555554,3770.0,501.0
2023-03-26,Swim,Natación en piscina,139.0,0.9866666666666667,2725.0,691.0
2023-03-28,Bike,Zone 1 easy effort spin,131.0,0.5961111111111111,0.0,328.0
2023-03-28,Run,Zone 4 Pyramid Run,142.0,0.6522222222222223,2960.0,386.0
2023-03-29,Bike,Saint-Mandé - Base Build Pyramid,137.0,0.7997222222222222,20820.0,462.0
2023-04-01,Bike,Saint-Mandé - Muscular Endurance,138.0,0.65,17380.0,387.0
2023-04-07,Run,Vincennes - Zone 1 Run,131.0,0.7005555555555556,5700.0,369.0
2023-04-08,Bike,Vincennes - Muscular Endurance broken interv,135.0,1.3255555555555556,36480.0,710.0
2023-04-09,Run,Long Zone 2 Run,128.0,1.2497222222222222,6950.0,614.0
2023-04-10,Swim,Natación en piscina,129.0,1.0977777777777777,3075.0,763.0
2023-04-15,Bike,Paris - Muscular Endurance broken interv,137.0,1.6588888888888889,39830.0,848.0
2023-04-15,Swim,Natación en piscina,129.0,0.6658333333333334,1850.0,439.0
2023-04-18,Run,Saint-Mandé - Run Test,143.0,0.6222222222222222,5690.0,394.0
2023-04-19,Bike,Vincennes - Base Build Pyramid,121.0,0.7413888888888889,12330.0,344.0
2023-04-20,Bike,Vincennes - Bike Test,107.0,0.9025,24000.0,312.0
2023-04-22,Swim,Natación en piscina,123.0,0.7675,2000.0,455.0
2023-04-22,Run,Zone 2 Run,143.0,1.1255555555555556,5230.0,693.0
2023-04-23,Bike,Vo2 building duration intervals,139.0,1.0216666666666667,0.0,565.0
2023-04-24,Run,Entrenamiento en cinta,116.0,0.36194444444444446,790.0,152.0
2023-04-25,Bike,Base Building steady effort,114.0,0.45111111111111113,0.0,192.0
2023-04-25,Run,Zone 4 Pyramid Run,129.0,0.2788888888888889,1310.0,155.0
2023-04-27,Run,Saint-Mandé - Zone 3 Intervals,144.0,0.8361111111111111,7160.0,538.0
2023-04-27,Run,Carrera,108.0,0.18194444444444444,130.0,71.0
2023-04-29,Swim,Natación en piscina,125.0,0.975,2725.0,541.0
2023-04-29,Run,Zone 1 Run,133.0,0.8330555555555555,3670.0,458.0
2023-04-30,Bike,Paris - Vo2 step up intervals with found,128.0,1.7027777777777777,35800.0,768.0
2023-05-02,Run,Zone 3 Intervals,145.0,0.5930555555555556,2900.0,384.0
2023-05-04,Bike,Paris - Vo2 short recovery intervals,133.0,1.2572222222222222,27570.0,626.0
2023-05-06,Bike,Paris - Muscular Endurance broken interv,137.0,1.606111111111111,44090.0,892.0
2023-05-07,Swim,Natación en piscina,125.0,1.0008333333333332,2350.0,504.0
2023-05-07,Run,Zone 2 Run,148.0,1.1188888888888888,10000.0,782.0
2023-05-09,Bike,Ciclismo en sala,80.0,0.004,0.0,1.0
2023-05-09,Bike,Ciclismo en sala,97.0,0.08205555555555555,0.0,26.0
2023-05-09,Run,Zone 4 Pyramid Run,134.0,0.5541666666666667,3820.0,320.0
2023-05-10,Swim,Natación en piscina,130.0,0.8258333333333333,2325.0,441.0
2023-05-12,Swim,Natación en piscina,132.0,1.1597222222222223,3425.0,624.0
2023-05-13,Bike,Vincennes - Muscular Endurance broken interv,134.0,1.7133333333333334,45810.0,843.0
2023-05-14,Swim,Natación en piscina,131.0,1.07,3025.0,692.0
2023-05-14,Run,Zone 2 Run,148.0,1.1883333333333332,11500.0,838.0
2023-05-18,Run,Entrenamiento en cinta,134.0,0.11572222222222223,1000.0,74.0
2023-05-19,Run,Zone 3 Intervals,140.0,0.35833333333333334,3000.0,240.0
2023-05-20,Bike,Vincennes - Vo2 intervals,141.0,1.2902777777777779,33480.0,738.0
2023-05-20,Run,Saint-Mandé Carrera,109.0,0.03244444444444444,200.0,15.0
2023-05-21,Swim,Natación en piscina,135.0,0.8225,2025.0,504.0
2023-05-21,Run,Zone 2 Run,160.0,0.5033333333333333,5450.0,401.0
2023-05-25,Run,Zone 3 Intervals,150.0,0.8630555555555556,8770.0,600.0
2023-05-26,Swim,Natación en piscina,137.0,0.4197222222222222,1225.0,276.0
2023-05-27,Swim,Natación en piscina,125.0,0.7466666666666667,1875.0,388.0
2023-05-27,Run,Vincennes - Zone 2 Run,137.0,1.0827777777777778,8470.0,659.0
2023-05-28,Bike,Saint-Mandé - Muscular Endurance with step dow,146.0,1.5177777777777777,40670.0,915.0
2023-05-30,Run,Saint-Mandé - Zone 3 Intervals,143.0,0.9266666666666666,8250.0,623.0
2023-06-06,Run,Saint-Mandé - Zone 4 Pyramid Run,146.0,0.7166666666666667,6420.0,490.0
2023-06-07,Swim,Natación en piscina,127.0,0.5483333333333333,1550.0,309.0
2023-06-08,Bike,Vincennes - Easy Effort spin,116.0,0.47333333333333333,11100.0,220.0
2023-06-08,Run,Saint-Mandé - Zone 5 Hill Repeats,152.0,0.4325,4000.0,323.0
2023-06-09,Swim,Natación en piscina,131.0,1.2105555555555556,3275.0,659.0
2023-06-09,Run,Vincennes - Zone 1 run,136.0,0.47305555555555556,3940.0,307.0
2023-06-10,Bike,Saint-Mandé - Endurance Step Ups,141.0,2.007222222222222,51060.0,1067.0
2023-06-11,Swim,Natación en piscina,139.0,1.1822222222222223,3450.0,732.0
2023-06-11,Run,Fontenay-sous-Bois - Zone 2 Run,142.0,1.2533333333333334,10870.0,840.0
2023-06-13,Swim,En piscine,132.0,0.8772222222222222,2425.0,501.0
2023-06-14,Swim,En piscine,119.0,0.4230555555555556,1325.0,227.0
2023-06-15,Run,Zone 4 Pyramid Run,135.0,0.16572222222222222,1350.0,108.0
2023-06-16,Bike,Saint-Mandé - Muscular Endurance,111.0,0.3605555555555556,8109.999999999999,157.0
2023-06-17,Swim,En piscine,137.0,0.5466666666666666,1600.0,354.0
2023-06-17,Run,Zone 1 Run,144.0,0.6677777777777778,5320.0,447.0
2023-06-18,Bike,Vincennes - Vo2 short recovery step up inter,142.0,1.4083333333333334,39400.0,831.0
2023-06-21,Bike,Paris - Easy Effort spin,108.0,0.7269444444444444,13110.0,260.0
2023-06-22,Swim,En piscine,116.0,0.8916666666666667,2275.0,529.0
2023-06-24,Swim,En piscine,115.0,0.72,2050.0,453.0
2023-06-24,Run,Fontenay-sous-Bois - Zone 2 Run,146.0,1.1030555555555555,9320.0,740.0
2023-06-25,Bike,Vincennes - Race Pace Intervals,140.0,3.25,81570.0,1673.0
2023-06-27,Run,Zone 3 Intervals,144.0,1.2666666666666666,10000.0,790.0
2023-06-28,Swim,En piscine,121.0,1.1861111111111111,3150.0,608.0
2023-06-30,Swim,En piscine,134.0,0.6675,1850.0,419.0
2023-06-30,Bike,Saint-Mandé - Endurance Step Ups,144.0,1.0816666666666668,29740.0,690.0
2023-07-01,Swim,En piscine,118.0,0.5827777777777777,1600.0,337.0
2023-07-01,Run,Zone 2b Long Run,114.0,0.035805555555555556,170.0,18.0
2023-07-02,Bike,Saint-Mandé - Race Pace Intervals,135.0,4.1738888888888885,106260.0,1799.0
2023-07-02,Run,Vincennes - Brick Run,143.0,0.7519444444444444,6570.0,508.0
2023-07-04,Swim,En piscine,114.0,1.3,3200.0,550.0
2023-07-05,Run,Zone 3 Intervals,145.0,0.7780555555555555,7580.0,527.0
2023-07-07,Bike,Muscular Endurance,92.0,0.5161111111111111,0.0,136.0
2023-07-08,Run,Vincennes - Zone 2b Long Run,123.0,0.8055555555555556,5730.0,411.0
2023-07-10,Bike,Saint-Mandé - Race Pace Intervals,126.0,4.950277777777778,121320.0,2010.0
2023-07-10,Run,Vincennes - Brick Run,133.0,0.9183333333333333,7360.0,558.0
2023-07-12,Bike,Bike Test,150.0,0.9277777777777778,0.0,692.0
2023-07-13,Swim,En piscine,134.0,0.4963888888888889,1350.0,335.0
2023-07-15,Run,Run Test,156.0,0.8363888888888888,8870.0,663.0
2023-07-18,Run,Barcelona - Zone 3 Intervals,141.0,1.1719444444444445,9770.0,753.0
2023-07-21,Swim,En piscine,121.0,0.6394444444444445,1475.0,305.0
2023-07-22,Swim,En piscine,128.0,0.9741666666666666,2400.0,510.0
2023-07-23,Bike,Paris - Race Pace Intervals,136.0,3.212222222222222,86390.0,1592.0
2023-07-25,Run,Vincennes - Zone 3 Intervals,143.0,1.1280555555555556,10240.0,795.0
2023-07-29,Swim,En piscine,126.0,1.4419444444444445,4000.0,707.0
2023-08-01,Swim,En piscine,135.0,1.678611111111111,4400.0,968.0
2023-08-02,Bike,Easy Effort spin,136.0,0.9791666666666666,0.0,519.0
2023-08-05,Swim,En piscine,123.0,1.061388888888889,2200.0,503.0
2023-08-08,Run,Saint-Mandé - Descending 400s,124.0,0.7461111111111111,5440.0,406.0
2023-08-11,Run,Vincennes - Zone 2 Run,141.0,1.0033333333333334,8250.0,652.0
2023-08-11,Swim,En piscine,140.0,0.3322222222222222,1025.0,233.0
2023-08-13,Bike,Vincennes - Race Pace Intervals,140.0,0.8216666666666667,23890.0,555.0
2023-08-13,Run,Vincennes - Brick Run Mile Repeats,145.0,0.6102777777777778,6060.0,460.0
2023-08-20,Swim,En piscine,140.0,1.2805555555555554,3400.0,791.0
2023-08-20,Bike,Copenhagen Cyclisme,150.0,6.309722222222222,177830.0,3183.0
2023-08-20,Run,Copenhagen Course à pied,133.0,3.154166666666667,22730.0,1722.0
2023-08-24,Run,Vincennes Course à pied,143.0,0.06108333333333334,580.0,46.0
2023-08-25,Swim,En piscine,125.0,0.5036111111111111,1250.0,270.0
2023-08-26,Bike,Vincennes Cyclisme,125.0,0.8783333333333333,17620.0,422.0
2023-08-26,Run,Vincennes Course à pied,149.0,0.5355555555555556,5440.0,415.0
2023-08-26,Bike,Paris Cyclisme,115.0,0.31305555555555553,5530.0,147.0
2023-08-27,Swim,En piscine,116.0,0.15483333333333332,550.0,78.0
2023-08-31,Swim,En piscine,119.0,0.6991666666666667,1950.0,422.0
2023-08-31,Run,Palermo Course à pied,144.0,2.248611111111111,16040.0,1396.0
2023-08-31,Run,Palermo Course à pied,149.0,0.7827777777777778,7040.0,528.0
2023-09-08,Run,Saint-Mandé Course à pied,134.0,0.6716666666666666,5680.0,414.0
2023-09-08,Bike,Vincennes Cyclisme,142.0,0.5747222222222222,14300.0,387.0
2023-09-11,Run,Course à pied sur tapis roulant,144.0,1.0058333333333334,8220.0,714.0
2023-09-13,Bike,Vélo d'intérieur,125.0,1.1341666666666668,0.0,553.0
2023-09-14,Run,Course à pied sur tapis roulant,134.0,0.14516666666666667,1000.0,98.0
2023-09-15,Swim,En piscine,121.0,1.1633333333333333,2825.0,536.0
2023-09-15,Run,Saint-Mandé Course à pied,144.0,1.0086111111111111,8690.0,670.0
2023-09-17,Run,Course à pied sur tapis roulant,147.0,1.0783333333333334,8470.0,767.0
2023-09-18,Bike,Vélo d'intérieur,134.0,2.0027777777777778,60000.0,1042.0
2023-09-20,Swim,En piscine,140.0,1.0966666666666667,2875.0,691.0
2023-09-21,Run,Course à pied sur tapis roulant,146.0,0.1547777777777778,1230.0,113.0
2023-09-22,Run,Course à pied sur tapis roulant,144.0,2.0008333333333335,16850.0,1263.0
2023-09-23,Swim,En piscine,106.0,0.07666666666666666,200.0,31.0
2023-09-23,Swim,En piscine,114.0,0.17,475.0,81.0
2023-09-23,Swim,En piscine,118.0,0.0751388888888889,200.0,39.0
2023-09-26,Bike,Vélo d'intérieur,157.0,0.3163888888888889,10600.0,255.0
2023-09-26,Run,Course à pied sur tapis roulant,143.0,0.22138888888888889,1640.0,164.0
2023-09-27,Swim,En piscine,118.0,0.1827777777777778,525.0,98.0
2023-09-27,Swim,En piscine,155.0,0.16275,450.0,129.0
2023-09-27,Swim,En piscine,151.0,0.07277777777777777,200.0,59.0
2023-09-27,Swim,En piscine,146.0,0.3763888888888889,1000.0,279.0
2023-09-28,Bike,Vélo d'intérieur,142.0,1.0008333333333332,32000.0,645.0
2023-09-28,Run,Course à pied sur tapis roulant,145.0,0.4533333333333333,2860.0,308.0
2023-09-29,Swim,En piscine,137.0,0.7441666666666666,2025.0,453.0
2023-09-30,Run,Course à pied sur tapis roulant,144.0,1.8922222222222222,16550.0,1250.0
2023-10-04,Swim,En piscine,137.0,0.6688888888888889,1800.0,439.0
2023-10-05,Bike,Vélo d'intérieur,139.0,0.4305555555555556,13000.0,283.0
2023-10-07,Run,Vincennes Course à pied,147.0,0.7258333333333333,0.0,560.0
2023-10-08,Bike,Vélo d'intérieur,141.0,1.2669444444444444,0.0,779.0
2023-10-10,Run,Course à pied sur tapis roulant,144.0,1.0080555555555555,8400.0,711.0
2023-10-12,Run,Course à pied sur tapis roulant,145.0,0.42777777777777776,2029.9999999999998,288.0
2023-10-13,Swim,En piscine,123.0,0.5213888888888889,1475.0,272.0
2023-10-14,Run,Course à pied sur tapis roulant,146.0,1.2658333333333334,11500.0,851.0
2023-10-15,Bike,Vélo d'intérieur,140.0,1.2572222222222222,40000.0,809.0
2023-10-16,Swim,En piscine,140.0,0.51,1350.0,353.0
2023-10-19,Swim,En piscine,148.0,0.5105555555555555,1500.0,388.0
2023-10-20,Bike,Vélo d'intérieur,133.0,1.0008333333333332,0.0,592.0
2023-10-22,Swim,En piscine,136.0,0.5105555555555555,1400.0,343.0
2023-10-22,Run,Course à pied sur tapis roulant,148.0,0.8766666666666667,8100.0,622.0
2023-10-24,Swim,En piscine,123.0,0.5022222222222222,1400.0,292.0
2023-10-25,Run,Course à pied sur tapis roulant,91.0,0.7161111111111111,70.0,182.0
2023-10-25,Bike,Vélo d'intérieur,140.0,0.9922222222222222,0.0,652.0
2023-10-26,Swim,En piscine,139.0,0.5061111111111111,1500.0,352.0
2023-10-26,Run,Course à pied sur tapis roulant,142.0,0.5244444444444445,4140.0,365.0
2023-10-28,Bike,Vélo d'intérieur,140.0,1.1919444444444445,0.0,791.0
2023-10-29,Run,Vincennes Course à pied,143.0,1.1141666666666667,10500.0,774.0
2023-10-30,Swim,En piscine,113.0,0.5027777777777778,1375.0,238.0
2023-10-31,Run,Course à pied sur tapis roulant,97.0,0.17583333333333334,910.0,57.0
2023-11-09,Swim,En piscine,92.0,0.2986111111111111,625.0,114.0
2023-11-09,Swim,En piscine,143.0,0.3858333333333333,1050.0,273.0
2023-11-09,Run,Course à pied sur tapis roulant,101.0,0.17694444444444443,20.0,65.0
2023-11-11,Run,Course à pied sur tapis roulant,142.0,0.25666666666666665,2360.0,182.0
2023-11-11,Swim,En piscine,142.0,0.16694444444444445,450.0,122.0
2023-11-12,Bike,Vélo d'intérieur,148.0,1.0005555555555556,0.0,696.0
2023-11-13,Run,Course à pied sur tapis roulant,112.0,0.7133333333333334,2770.0,282.0
2023-11-14,Swim,En piscine,136.0,0.23527777777777778,500.0,156.0
2023-11-14,Swim,En piscine,138.0,0.3738888888888889,925.0,232.0
2023-11-15,Swim,En piscine,132.0,0.25972222222222224,550.0,154.0
2023-11-15,Swim,En piscine,136.0,0.39944444444444444,1000.0,253.0
2023-11-15,Run,Course à pied sur tapis roulant,113.0,0.7986111111111112,510.0,313.0
2023-11-17,Run,Course à pied sur tapis roulant,142.0,0.5794444444444444,5600.0,403.0
2023-11-18,Run,Course à pied sur tapis roulant,151.0,1.0055555555555555,9460.0,755.0
2023-11-21,Run,Course à pied sur tapis roulant,121.0,0.48055555555555557,3100.0,235.0
2023-11-22,Bike,Vélo d'intérieur,143.0,1.0008333333333332,0.0,648.0
2023-11-23,Run,Course à pied sur tapis roulant,121.0,0.24138888888888888,1040.0,129.0
2023-11-24,Run,Saint-Mandé Course à pied,140.0,0.9286111111111112,8710.0,648.0
2023-11-26,Bike,Saint-Mandé Cyclisme,124.0,0.5188888888888888,11370.0,270.0
2023-11-28,Run,Vincennes Course à pied,148.0,0.7625,6510.0,518.0
2023-11-29,Bike,Vélo d'intérieur,144.0,0.3005555555555556,7340.0,220.0
2023-11-30,Bike,Vélo d'intérieur,154.0,1.8772222222222221,47190.0,1252.0
2023-12-02,Swim,En piscine,82.0,0.16333333333333333,300.0,30.0
2023-12-02,Swim,En piscine,131.0,0.3775,1000.0,211.0
2023-12-03,Bike,Vélo d'intérieur,140.0,1.441111111111111,34770.0,904.0
2023-12-04,Run,Course à pied sur tapis roulant,110.0,0.2313888888888889,1140.0,102.0
2023-12-06,Bike,Vélo d'intérieur,142.0,1.0386111111111112,29330.0,705.0
2023-12-15,Bike,Vélo d'intérieur,140.0,0.5430555555555555,11890.0,351.0
2023-12-16,Run,Vincennes Course à pied,139.0,0.9741666666666666,8600.0,642.0
2023-12-17,Bike,Vélo d'intérieur,136.0,1.0002777777777778,28530.0,588.0
2023-12-18,Bike,Vélo d'intérieur,159.0,0.4041666666666667,11320.0,334.0
2023-12-18,Bike,Gascony - Lavardens Cycle Tour Demo - Lavardens Cycle Tour Demo (Gascony),157.0,0.4072222222222222,13240.0,361.0
2023-12-20,Bike,Vélo d'intérieur,157.0,0.40166666666666667,11760.0,330.0
2023-12-20,Bike,Gascony - Lavardens Cycle Tour Demo - Lavardens Cycle Tour Demo (Gascony),156.0,0.405,13240.0,360.0
2023-12-23,Run,Course à pied sur tapis roulant,102.0,1.5075,4820.0,487.0
2023-12-24,Run,Philadelphia Course à pied,139.0,1.3447222222222222,11720.0,886.0
2023-12-28,Run,Course à pied,148.0,0.8955555555555555,8450.0,645.0
2024-01-03,Bike,Slope Workout,133.0,0.7080555555555555,20520.0,391.0
2024-01-03,Bike,Vélo d'intérieur,135.0,0.6819444444444445,19440.0,435.0
2024-01-07,Bike,Vélo d'intérieur,155.0,0.9611111111111111,23770.0,749.0
2024-01-07,Bike,Gascony - Lavardens Cycle Tour Demo - Lavardens Cycle Tour Demo (Gascony),149.0,0.4622222222222222,13240.0,340.0
2024-01-07,Bike,Gascony - Lavardens Cycle Tour Demo - Lavardens Cycle Tour Demo (Gascony),159.0,0.47305555555555556,13240.0,337.0
2024-01-08,Bike,Vélo d'intérieur,153.0,0.5161111111111111,12180.0,392.0
2024-01-08,Bike,Gascony - Lavardens Cycle Tour Demo - Lavardens Cycle Tour Demo (Gascony),156.0,0.4552777777777778,13220.0,351.0
2024-01-14,Bike,Vélo d'intérieur,114.0,1.5486111111111112,0.0,602.0
2024-01-14,Bike,Cape Town Cycle Tour,121.0,1.0666666666666667,30080.0,563.0
2024-01-16,Swim,En piscine,133.0,0.49333333333333335,1250.0,305.0
2024-01-16,Bike,easy effort spin,138.0,1.0191666666666668,0.0,666.0
2024-01-17,Run,Run Test,152.0,1.0138888888888888,8600.0,777.0
2024-01-21,Bike,Vo2 building duration intervals,143.0,1.1616666666666666,30990.0,777.0
2024-01-22,Swim,En piscine,127.0,0.4988888888888889,1300.0,286.0
2024-01-23,Bike,Cape Town Cycle Tour,144.0,1.1625,40020.0,737.0
2024-01-23,Bike,easy effort spin,149.0,1.0563888888888888,0.0,763.0
2024-01-23,Bike,Gascony - Lavardens Cycle Tour Demo - Lavardens Cycle Tour Demo (Gascony),150.0,0.44805555555555554,13230.0,345.0
2024-01-23,Bike,Gascony - Lavardens Cycle Tour Demo - Lavardens Cycle Tour Demo (Gascony),150.0,0.5486111111111112,13240.0,323.0
2024-01-24,Run,Run Test,141.0,1.001111111111111,9890.0,689.0
2024-01-25,Bike,Vélo d'intérieur,109.0,1.2625,12440.0,464.0
2024-01-25,Bike,Gascony - Lavardens Cycle Tour Demo - Lavardens Cycle Tour Demo (Gascony),145.0,0.47694444444444445,13240.0,346.0
2024-01-26,Swim,En piscine,134.0,0.38305555555555554,975.0,245.0
2024-01-31,Bike,Vélo d'intérieur,140.0,1.1666666666666667,23360.0,772.0
2024-01-31,Bike,Gascony - Lavardens Cycle Tour Demo - Lavardens Cycle Tour Demo (Gascony),132.0,0.5291666666666667,13240.0,313.0
2024-01-31,Bike,Gascony - Lavardens Cycle Tour Demo - Lavardens Cycle Tour Demo (Gascony),154.0,0.49527777777777776,13240.0,333.0
2024-02-13,Bike,Zone 1 easy effort spin,146.0,0.7502777777777778,16780.0,464.0
2024-02-13,Bike,Gascony - Lavardens Cycle Tour Demo - Lavardens Cycle Tour Demo (Gascony),158.0,0.45666666666666667,13230.0,343.0
2024-02-14,Swim,En piscine,136.0,0.49444444444444446,1250.0,316.0
2024-02-14,Run,Course à pied sur tapis roulant,150.0,1.0025,8900.0,727.0
2024-02-16,Bike,Bike Test,146.0,0.9230555555555555,0.0,657.0
2024-02-16,Bike,Gascony - Lavardens Cycle Tour Demo - Lavardens Cycle Tour Demo (Gascony),145.0,0.49416666666666664,13240.0,318.0
2024-02-16,Bike,Gascony - Lavardens Cycle Tour Demo - Lavardens Cycle Tour Demo (Gascony),146.0,0.39194444444444443,8670.0,210.0
2024-02-20,Bike,easy effort spin,137.0,0.7644444444444445,11950.0,493.0
2024-02-20,Run,Zone 4 Pyramid Run,133.0,1.281388888888889,7280.0,669.0
2024-02-21,Bike,Base Building steady effort,138.0,1.173888888888889,0.0,703.0
2024-02-23,Bike,Cape Town Cycle Tour,138.0,1.1780555555555556,38290.0,647.0
2024-02-23,Bike,Vo2 step up intervals,135.0,1.0058333333333334,0.0,573.0
2024-02-23,Bike,Gascony - Lavardens Cycle Tour Demo - Lavardens Cycle Tour Demo (Gascony),136.0,0.5091666666666667,13230.0,329.0
2024-02-27,Bike,Gascony - Lavardens Cycle Tour Demo - Lavardens Cycle Tour Demo (Gascony),138.0,0.41444444444444445,13240.0,226.0
2024-02-27,Bike,Easy mixed Effort spin,130.0,0.82,16630.0,462.0
2024-02-27,Bike,Gascony - Lavardens Cycle Tour Demo - Lavardens Cycle Tour Demo (Gascony),131.0,0.5427777777777778,13230.0,312.0
2024-02-28,Run,Vincennes - Zone 4 Pyramid Run,147.0,0.8363888888888888,7150.0,573.0
2024-02-28,Bike,Base Building steady effort,137.0,1.05,23130.0,638.0
2024-02-28,Bike,Cape Town Cycle Tour,138.0,0.9808333333333333,24310.0,463.0
2024-02-29,Bike,Vo2 step up intervals,139.0,1.0016666666666667,23160.0,613.0
2024-03-01,Run,Zone 1 Run,142.0,0.7697222222222222,6080.0,526.0
2024-03-02,Bike,Cape Town Cycle Tour,139.0,1.0091666666666668,32009.999999999996,530.0
2024-03-02,Bike,Muscular Endurance broken interv,128.0,0.7341666666666666,14100.0,393.0
2024-03-02,Bike,Gascony - Lavardens Cycle Tour Demo - Lavardens Cycle Tour Demo (Gascony),132.0,0.5266666666666666,13240.0,319.0
2024-03-03,Run,Vincennes - Long Zone 2 Run,132.0,1.3897222222222223,8590.0,788.0
2024-03-05,Run,Paris - Zone 3 Intervals,142.0,0.6969444444444445,6330.0,498.0
2024-03-05,Bike,Gascony - Lavardens Cycle Tour Demo - Lavardens Cycle Tour Demo (Gascony),118.0,0.17972222222222223,5290.0,77.0
2024-03-05,Bike,Easy mixed Effort spin,133.0,0.7505555555555555,14110.0,454.0
2024-03-05,Bike,Gascony - Lavardens Cycle Tour Demo - Lavardens Cycle Tour Demo (Gascony),134.0,0.6175,13190.0,317.0
2024-03-06,Bike,Base Building,131.0,1.1477777777777778,0.0,615.0
2024-03-06,Swim,En piscine,120.0,0.38333333333333336,1000.0,194.0
2024-03-07,Bike,Cape Town Cycle Tour,130.0,1.1436111111111111,36680.0,605.0
2024-03-07,Bike,Vo2 short recovery intervals,142.0,0.9538888888888889,22680.0,621.0
2024-03-07,Bike,Cape Town Cycle Tour,142.0,0.9258333333333333,24190.0,488.0
2024-03-12,Bike,Vélo d'intérieur,128.0,1.0025,22740.0,540.0
2024-03-14,Bike,Cape Town Cycle Tour,127.0,1.0119444444444445,31600.0,497.0
2024-03-14,Bike,Bike Test,149.0,1.0013888888888889,24470.0,735.0
2024-03-15,Swim,En piscine,137.0,0.19972222222222222,550.0,143.0
2024-03-15,Run,Zone 2 Run,152.0,1.0058333333333334,8800.0,793.0
2024-03-19,Bike,Cape Town Cycle Tour,142.0,1.1494444444444445,36920.0,620.0
2024-03-19,Run,Paris - Zone 4 Pyramid Run,149.0,0.7852777777777777,7400.0,578.0
2024-03-19,Bike,Base Building steady effort,131.0,0.6675,12990.0,393.0
2024-03-20,Bike,Base Build Pyramid,120.0,0.6983333333333334,0.0,333.0
2024-03-21,Run,Vincennes - Zone 3 Intervals,140.0,0.6097222222222223,5760.0,429.0
2024-03-22,Bike,Gascony - Lavardens Cycle Tour Demo - Lavardens Cycle Tour Demo (Gascony),131.0,0.46416666666666667,13240.0,190.0
2024-03-22,Bike,Muscular Endurance,133.0,0.5569444444444445,12340.0,343.0
2024-03-24,Bike,Gascony - Lavardens Cycle Tour Demo - Lavardens Cycle Tour Demo (Gascony),133.0,0.38305555555555554,13240.0,248.0
2024-03-24,Bike,Vo2 step up intervals with found,134.0,1.596111111111111,37090.0,842.0
2024-03-24,Bike,Cape Town Cycle Tour,135.0,1.521388888888889,41380.0,822.0
2024-03-26,Bike,Easy mixed Effort spin,131.0,0.7508333333333334,0.0,461.0
2024-03-26,Run,Zone 3 Intervals,121.0,0.5511111111111111,4400.0,297.0
2024-04-02,Run,Zone 4 Pyramid Run,138.0,0.9405555555555556,6630.0,595.0
2024-04-02,Bike,Base Building,139.0,1.0005555555555556,20810.0,644.0
2024-04-04,Bike,Vo2 intervals,121.0,0.7516666666666667,0.0,381.0
2024-04-04,Run,Zone 5 Hill Repeats,147.0,0.5866666666666667,3910.0,430.0
2024-04-06,Bike,Cape Town Cycle Tour,146.0,1.8108333333333333,52150.0,1026.0
2024-04-06,Bike,Muscular Endurance broken interv,147.0,1.8,47640.0,1150.0
2024-04-11,Bike,Muscular Endurance,143.0,1.0286111111111111,29050.0,715.0
2024-04-11,Bike,Cape Town Cycle Tour,143.0,1.0266666666666666,30590.0,636.0
2024-04-12,Run,Zone 3 Intervals,133.0,0.8336111111111111,7100.0,486.0
2024-04-13,Bike,Cape Town Cycle Tour,140.0,1.3019444444444443,38180.0,752.0
2024-04-13,Bike,Vo2 intervals,141.0,1.2994444444444444,34470.0,825.0
2024-04-16,Swim,Nat. piscine,127.0,0.3233333333333333,825.0,200.0
2024-04-16,Run,Zone 1 Run,143.0,0.5008333333333334,4670.0,374.0
2024-04-16,Bike,Vo2 short recovery intervals,133.0,0.5247222222222222,0.0,332.0
2024-04-17,Bike,Cape Town Cycle Tour,142.0,1.2597222222222222,38370.0,750.0
2024-04-17,Bike,Base Building,142.0,1.2505555555555556,35130.0,832.0
2024-04-19,Bike,Easy Effort spin,116.0,0.7133333333333334,14480.0,313.0
2024-04-21,Bike,Muscular Endurance with step dow,128.0,1.6655555555555555,48650.0,806.0
2024-04-21,Bike,Cape Town Cycle Tour,128.0,1.5019444444444445,43380.0,809.0
2024-04-23,Bike,Easy Effort spin,121.0,0.5741666666666667,0.0,290.0
2024-04-23,Run,Zone 3 Intervals,142.0,0.7136111111111111,6390.0,468.0
2024-04-25,Bike,Cape Town Cycle Tour,137.0,1.335,40250.0,775.0
2024-04-25,Bike,Base Build Pyramid,135.0,1.4202777777777778,35880.0,760.0
2024-04-28,Bike,Endurance Step Ups,138.0,2.4991666666666665,57810.0,1227.0
2024-04-28,Bike,Cape Town Cycle Tour,139.0,2.4394444444444443,66620.0,1331.0
2024-04-28,Run,Vincennes - Zone 2 Run,153.0,0.9233333333333333,8430.0,674.0
2024-05-03,Bike,Endurance Step Ups,136.0,2.9419444444444443,73140.0,1429.0
2024-05-03,Bike,Cape Town Cycle Tour,136.0,2.9369444444444444,84160.0,1693.0
2024-05-06,Run,Zone 5 Hill Repeats,149.0,0.6375,4880.0,481.0
2024-05-10,Bike,Muscular Endurance,136.0,0.7369444444444444,21340.0,456.0
2024-05-13,Bike,Cape Town Cycle Tour,136.0,0.7319444444444444,24160.0,426.0
2024-05-13,Bike,Vo2 short recovery step up inter,124.0,0.46416666666666667,0.0,259.0
2024-05-14,Run,Zone 5 Repeats,148.0,0.7105555555555556,4880.0,515.0
2024-05-15,Bike,Cape Town Cycle Tour,125.0,0.4483333333333333,14980.0,261.0
2024-05-15,Bike,Easy Effort spin,128.0,0.7508333333333334,16720.0,394.0
2024-05-19,Bike,Race Pace Intervals,134.0,3.508888888888889,0.0,1599.0
2024-05-19,Bike,Cape Town Cycle Tour,137.0,2.5869444444444443,84170.0,1396.0
2024-05-19,Run,Vincennes - Zone 2 Run,135.0,1.0472222222222223,8370.0,643.0
2024-05-21,Run,Vincennes - Zone 3 Intervals,139.0,0.9047222222222222,8530.0,631.0
2024-05-23,Bike,Vélo d'intérieur,128.0,0.6105555555555555,17060.0,350.0
2024-05-24,Bike,Endurance Step Ups,140.0,1.1983333333333333,26120.0,716.0
2024-05-24,Run,Vincennes - Zone 2b Long Run,130.0,0.8977777777777778,6960.0,519.0
2024-05-26,Bike,Race Pace Intervals,134.0,3.431111111111111,82320.0,1577.0
2024-05-28,Run,Zone 3 Intervals,130.0,1.1344444444444444,9460.0,599.0
2024-05-30,Run,Zone 2b Long Run,139.0,0.8702777777777778,8170.0,548.0
2024-06-02,Bike,Race Pace Intervals,131.0,0.85,22070.0,507.0
2024-06-03,Bike,Race Pace Intervals,134.0,4.377777777777778,105780.0,1949.0
2024-06-03,Run,Vincennes - Brick Run,133.0,0.9205555555555556,7040.0,543.0
2024-06-07,Swim,Nat. piscine,122.0,0.27055555555555555,525.0,172.0
2024-06-09,Run,Los Santos Course à pied,145.0,0.7466666666666667,7130.0,544.0
2024-06-18,Run,Zone 3 Intervals,149.0,1.0619444444444444,9440.0,729.0
2024-06-23,Bike,Race Pace Intervals,141.0,4.745555555555556,109660.0,2255.0
2024-06-24,Swim,Nat. piscine,136.0,0.38055555555555554,1000.0,251.0
2024-06-25,Swim,Nat. piscine,123.0,0.1786111111111111,525.0,107.0
2024-06-25,Run,Zone 3 Intervals,144.0,0.4872222222222222,4310.0,339.0
2024-06-30,Swim,Nat. piscine,144.0,0.5186111111111111,1600.0,378.0
2024-07-03,Bike,Race Pace Intervals,131.0,1.7505555555555556,33030.0,852.0
2024-07-04,Run,Zone 2b Long Run,145.0,0.7977777777777778,7400.0,543.0
2024-07-04,Swim,Nat. piscine,132.0,0.225,600.0,142.0
2024-07-05,Swim,Nat. piscine,134.0,0.5238888888888888,1350.0,317.0
2024-07-07,Bike,Race Pace Intervals,140.0,5.006666666666667,92890.0,2377.0
2024-07-07,Run,Vincennes - Brick Run,140.0,0.9436111111111111,8240.0,620.0
2024-07-10,Run,Vincennes - Zone 3 Intervals,145.0,1.0741666666666667,11100.0,793.0
2024-07-10,Swim,Nat. piscine,133.0,0.2638888888888889,700.0,180.0
2024-07-14,Bike,Vincennes - Race Pace Intervals,132.0,1.3308333333333333,33740.0,667.0
2024-07-14,Swim,Nat. piscine,139.0,0.5936111111111111,1675.0,414.0
2024-07-20,Bike,Saint-Mandé - Race Pace Intervals,151.0,3.3955555555555557,90020.0,1996.0
2024-07-20,Run,Vincennes - Brick Run Mile Repeats,137.0,0.7936111111111112,5900.0,467.0
2024-07-21,Run,Vincennes Course à pied,133.0,0.22972222222222222,2160.0,160.0
2024-07-29,Bike,Saint-Mandé - Race Pace Intervals,143.0,5.110277777777778,116450.0,2617.0
2024-07-30,Swim,Nat. piscine,130.0,0.6272222222222222,875.0,304.0
2024-07-30,Swim,Nat. piscine,118.0,0.02088888888888889,50.0,11.0
2024-07-30,Swim,Nat. piscine,126.0,0.17583333333333334,400.0,109.0
2024-07-30,Run,Paris Course à pied,140.0,0.43333333333333335,3660.0,310.0
2024-08-03,Run,Vincennes - Brick Run Mile Repeats,108.0,2.4391666666666665,10140.0,928.0
2024-08-05,Bike,Saint-Mandé - Race Pace Intervals,146.0,5.3036111111111115,137150.0,2831.0
2024-08-08,Swim,Nat. piscine,139.0,1.1933333333333334,4000.0,730.0
2024-08-18,Swim,Nat. piscine,140.0,1.456388888888889,6350.0,957.0
2024-08-18,Bike,Langen (Hessen) Cyclisme,147.0,6.690277777777778,174860.0,3196.0
2024-08-18,Run,Frankfurt am Main Course à pied,128.0,5.7275,42690.0,3140.0
2024-08-23,Bike,Paris - easy ride,125.0,0.8155555555555556,19060.0,428.0
2024-08-27,Swim,Nat. piscine,126.0,0.5005555555555555,2100.0,302.0
2024-08-29,Swim,Nat. piscine,112.0,0.2563888888888889,1200.0,240.0
2024-09-04,Bike,Vincennes - Muscular Endurance,130.0,0.6633333333333333,14510.0,367.0
2024-09-10,Run,Zone 5 Repeats,147.0,0.7355555555555555,6710.0,555.0
2024-09-23,Swim,Nat. piscine,130.0,0.07197222222222223,400.0,66.0
2024-09-23,Swim,Nat. piscine,144.0,0.11830555555555555,325.0,94.0
2024-09-26,Swim,Nat. piscine,136.0,0.36972222222222223,1000.0,255.0
2024-10-04,Run,Run Test,141.0,0.37444444444444447,2710.0,278.0
2024-10-07,Bike,Paris - Easy Effort spin,140.0,0.5225,3950.0,357.0
2024-10-07,Run,Zone 3 Intervals,157.0,0.22722222222222221,1730.0,187.0
2024-10-16,Bike,Vincennes - Base Build Pyramid,151.0,0.7802777777777777,20730.0,601.0
