,WorkoutType,HeartRateAverage,TimeTotalInHours,DistanceInMeters,PlannedDuration,PlannedDistanceInMeters,TotalPassiveCalories,EstimatedCalories,Calories,CaloriesSpent,CaloriesConsumed
2022-03-13,Run,147.0,0.227821677923203,2190.78002929688,0.0,0.0,2120.4,74.29592153022354,200.0,0.0,0.0
2022-03-14,Run,126.0,0.317826956510544,2363.75,0.0,0.0,2120.4,75.64183823789858,216.0,0.0,0.0
2022-03-15,Run,162.0,0.366062223911285,3018.330078125,0.0,0.0,2120.4,83.83654038622733,351.0,0.0,0.0
2022-03-16,Run,151.0,0.500625550746918,3558.080078125,0.0,0.0,2120.4,81.73023351960713,439.0,0.0,0.0
2022-03-19,RunRun,299.0,0.2951336205005645,2594.700012207036,0.0,0.0,4240.8,162.20787696180076,245.0,0.0,0.0
2022-03-20,Run,146.0,0.578884124755859,4130.2900390625,0.0,0.0,2120.4,72.2566597675942,465.0,0.0,0.0
2022-03-21,Run,151.0,0.350767493247986,2774.93994140625,0.0,0.0,2120.4,81.73023351960713,292.0,0.0,0.0
2022-03-22,Run,151.0,0.469793319702148,3480.34008789063,0.0,0.0,2120.4,81.73023351960713,393.0,0.0,0.0
2022-03-23,Run,161.0,0.418511390686035,3420.7900390625,0.0,0.0,2120.4,83.83654038622733,367.0,0.0,0.0
2022-03-27,Run,153.0,0.772226691246033,5571.39990234375,0.0,0.0,2120.4,87.87849302280621,613.0,0.0,0.0
2022-03-28,Run,148.0,0.211498886346817,1616.08996582031,0.0,0.0,2120.4,74.29592153022354,155.0,0.0,0.0
2022-03-31,Run,164.0,0.36057722568512,3321.13989257813,0.0,0.0,2120.4,83.83654038622733,312.0,0.0,0.0
2022-04-09,Run,139.0,0.465009152889252,3219.0,0.0,0.0,2120.4,79.45680509106103,291.0,0.0,0.0
2022-04-11,Run,165.0,0.759036660194397,6437.0,0.0,0.0,2120.4,104.79567693419165,656.0,0.0,0.0
2022-04-12,Run,153.0,0.182813063263893,1615.61999511719,0.0,0.0,2120.4,86.25664570931266,133.0,0.0,0.0
2022-04-16,RunSwim,314.0,0.4184252931012043,3518.0,0.0,0.0,4240.8,238.1059952816304,365.0,0.0,0.0
2022-04-17,BikeSwim,261.0,0.6499841965569391,1700.0,0.0,0.0,4240.8,113.87392551543869,765.0,0.0,0.0
2022-04-18,RunSwim,295.0,1.398189714749652,10756.0,0.0,0.0,4240.8,133.45584479310227,1267.0,0.0,0.0
2022-04-19,Run,156.0,0.429038047790527,3219.0,0.0,0.0,2120.4,83.83654038622733,317.0,0.0,0.0
2022-04-21,Run,156.0,0.631026923656464,4828.0,0.0,0.0,2120.4,83.83654038622733,452.0,0.0,0.0
2022-04-23,RunRun,310.0,1.5313235670328131,11527.33996582031,0.0,0.0,4240.8,154.48749765332389,1060.0,0.0,0.0
2022-04-24,BikeSwim,275.0,0.635227485630248,7789.39990234375,0.0,0.0,4240.8,102.39561258267412,785.0,0.0,0.0
2022-04-25,Run,159.0,0.465706378221512,4023.0,0.0,0.0,2120.4,83.83654038622733,335.0,0.0,0.0
2022-04-28,Run,158.0,0.352188050746918,3218.0,0.0,0.0,2120.4,83.83654038622733,268.0,0.0,0.0
2022-04-30,Run,165.0,1.42651426792145,10460.990234375,0.0,0.0,2120.4,104.79567693419165,,0.0,0.0
2022-05-01,Bike,121.0,1.31678199768066,20666.900390625,0.0,0.0,2120.4,42.47669013085813,505.0,0.0,0.0
2022-05-02,Run,163.0,0.316573321819305,3219.0,0.0,0.0,2120.4,83.83654038622733,246.0,0.0,0.0
2022-05-03,Bike,117.0,0.721444129943848,8188.7099609375,0.0,0.0,2120.4,44.610123368936925,298.0,0.0,0.0
2022-05-04,BikeRun,297.0,1.969235539436336,26974.76904296875,0.0,0.0,4240.8,129.07190887996632,1208.0,0.0,0.0
2022-05-07,RunBikeBike,399.0,1.296967759728431,10449.13012695313,0.0,0.0,6361.200000000001,153.95459056006518,847.0,0.0,0.0
2022-05-09,BikeRun,276.0,0.6537810862064359,5130.2399902343805,0.0,0.0,4240.8,128.44666375516425,400.0,0.0,0.0
2022-05-11,BikeRunRun,423.0,2.246364355087285,6777.93994140625,0.0,0.0,6361.200000000001,213.24477157909223,1291.0,0.0,0.0
2022-05-15,Run,155.0,1.51867663860321,7996.14990234375,0.0,0.0,2120.4,78.05467248340872,,0.0,0.0
2022-05-16,Run,127.0,0.247957780957222,453.529998779297,0.0,0.0,2120.4,86.4346427144386,122.0,0.0,0.0
2022-05-18,RunBike,297.0,1.441434741020203,4216.39013671875,0.0,0.0,4240.8,151.39519542811774,970.0,0.0,0.0
2022-05-19,RunBike,273.0,1.073466062545776,12487.43017578125,0.0,0.0,4240.8,129.38026870458816,608.0,0.0,0.0
2022-05-20,Bike,114.0,0.116416111588478,1242.97998046875,0.0,0.0,2120.4,38.76158515463462,49.0,0.0,0.0
2022-05-21,Run,147.0,1.77251803874969,12874.0,0.0,0.0,2120.4,75.91776884371708,943.0,0.0,0.0
2022-05-24,RunRun,242.0,0.9652802255004646,4410.549766540527,0.9,0.0,4240.8,142.33277743400595,614.0,0.0,0.0
2022-05-25,BikeSwim,302.0,1.6624158753289089,450.0,2.104444444444444,2011.68005371094,4240.8,165.50634188491205,991.0,0.0,0.0
2022-05-26,RunBike,281.0,1.091787219047546,4002.90991210938,1.25,0.0,4240.8,141.16230572853038,661.0,0.0,0.0
2022-05-27,SwimRun,245.0,1.659338108698524,4284.1599121093805,1.201136447058784,2606.56005859375,4240.8,112.59554960203228,994.0,0.0,0.0
2022-05-28,Bike,137.0,2.70599007606506,0.0,3.0,0.0,2120.4,67.55865504189042,,0.0,0.0
2022-05-29,SwimRun,274.0,1.2400097735722908,9575.7001953125,1.982889332241479,2103.1201171875,4240.8,132.2198952592314,841.0,0.0,0.0
2022-05-31,SwimRun,286.0,1.015359461307525,4085.21997070313,1.205880000856188,1645.92004394531,4240.8,126.39516436663531,575.0,0.0,0.0
2022-06-01,BikeSwimRun,390.0,1.242456927895546,2390.8800048828098,1.0,1188.71997070313,6361.200000000001,166.4249291609873,644.0,0.0,0.0
2022-06-02,Run,149.0,0.849804759025574,6430.81005859375,0.733333333333333,0.0,2120.4,75.91776884371708,500.0,0.0,0.0
2022-06-03,Bike,127.0,0.53584748506546,0.0,1.0,0.0,2120.4,54.997398724434554,258.0,0.0,0.0
2022-06-04,SwimRun,289.0,2.336775538656446,9811.5595703125,1.485,1554.47998046875,4240.8,123.48195323835132,246.0,0.0,0.0
2022-06-05,BikeRun,260.0,2.383347153663637,2201.63989257813,2.0,0.0,4240.8,141.03992759340457,148.0,0.0,0.0
2022-06-07,SwimRun,282.0,1.255779218276342,5596.43017578125,1.853134667078653,2011.68005371094,4240.8,126.39516436663531,752.0,0.0,0.0
2022-06-09,RunSwim,291.0,1.63010337140825,9933.830078125,1.9888888888888896,2011.68005371094,4240.8,120.09777196213751,1071.0,0.0,0.0
2022-06-10,Bike,146.0,1.22348916530609,0.0,1.25,0.0,2120.4,70.53407058779791,645.0,0.0,0.0
2022-06-11,RunSwim,288.0,2.932803363800045,18114.7998046875,2.45177822113037,2194.56005859375,4240.8,122.15289197437826,528.0,0.0,0.0
2022-06-12,BikeRun,275.0,4.037599205970762,6104.45996093751,4.0,0.0,4240.8,123.3201903195321,239.0,0.0,0.0
2022-06-14,SwimRun,280.0,2.1343130466673097,7998.8701171875,1.1,0.0,4240.8,122.1344013433193,1245.0,0.0,0.0
2022-06-21,RunSwim,283.0,1.557015005747477,9623.259765625,2.8725791115231,2926.080078125,4240.8,139.93834704606346,944.0,0.0,0.0
2022-06-22,Bike,132.0,0.522585570812225,0.0,0.5,0.0,2120.4,65.2445368848133,284.0,0.0,0.0
2022-06-23,RunSwim,293.0,2.728161572350394,18346.009765625,3.1916626665327303,2377.43994140625,4240.8,127.67397689028368,555.0,0.0,0.0
2022-06-25,Swim,144.0,1.47904417143928,4000.0,1.30020666546292,2468.88012695313,2120.4,46.23512313066117,945.0,0.0,0.0
2022-06-26,BikeRun,281.0,6.040053725242609,7681.1501464843805,6.0,0.0,4240.8,128.25625032330922,629.0,0.0,0.0
2022-07-10,BikeRun,291.0,3.124397873878482,48661.54150390625,5.750555555555556,5845.0,4240.8,131.74187825127729,393.0,0.0,0.0
2022-07-11,Bike,147.0,0.645261645317078,14481.8203125,0.0,0.0,2120.4,53.154140036249224,398.0,0.0,0.0
2022-07-12,Run,151.0,1.42961406707764,6507.06005859375,1.2,0.0,2120.4,81.73023351960713,842.0,0.0,0.0
2022-07-14,RunBikeSwim,435.0,1.663101690477795,25333.69970703125,2.67508044189877,3017.52001953125,6361.200000000001,183.35018528100085,1065.0,0.0,0.0
2022-07-15,Bike,144.0,1.11878335475922,30187.9609375,1.0,0.0,2120.4,54.84979012646668,607.0,0.0,0.0
2022-07-16,SwimRunRun,359.0,2.7313247877690556,12201.3203125,3.87390311029222,3017.52001953125,6361.200000000001,124.77392223612544,404.0,0.0,0.0
2022-07-17,Bike,130.0,3.79862380027771,79717.6171875,6.0,0.0,2120.4,59.71801633041584,,0.0,0.0
2022-07-19,Bike,142.0,5.01854658126831,125179.59375,6.0,0.0,2120.4,60.343004144984,,0.0,0.0
2022-07-21,Swim,130.0,0.573061390982734,1500.0,0.0,0.0,2120.4,52.05985402325725,357.0,0.0,0.0
2022-07-22,SwimRun,281.0,2.781705918841888,20558.189453125,4.05986622333526,2743.2001953125,4240.8,121.87596417446916,258.0,0.0,0.0
2022-07-24,Swim,144.0,1.39662334018283,4050.0,0.0,0.0,2120.4,46.23512313066117,,0.0,0.0
2022-08-01,RunBike,289.0,2.565108299255373,51455.58056640625,2.750555555555556,5845.0,4240.8,127.2653182753002,437.0,0.0,0.0
2022-08-02,Swim,129.0,0.487316946453518,1450.0,1.34272711171044,2423.16015625,2120.4,52.05985402325725,372.0,0.0,0.0
2022-08-07,SwimBikeRun,435.0,15.29380855348376,225503.046875,0.0,0.0,6361.200000000001,214.84764826159068,,0.0,0.0
2022-08-21,Bike,131.0,0.702062249183655,11527.7998046875,0.5,0.0,2120.4,59.71801633041584,313.0,0.0,0.0
2022-09-01,Bike,133.0,0.697105824947357,16777.369140625,0.0,0.0,2120.4,55.11213599361079,355.0,0.0,0.0
2022-09-03,Bike,138.0,0.421598613262177,0.0,0.0,0.0,2120.4,67.55865504189042,244.0,0.0,0.0
2022-09-04,Bike,140.0,0.759334444999695,17460.98046875,0.0,0.0,2120.4,55.008658507706,405.0,0.0,0.0
2022-09-11,Run,120.0,0.0980738922953606,693.900024414063,0.0,0.0,2120.4,68.07776338279814,49.0,0.0,0.0
2022-09-13,Run,107.0,0.338721394538879,1132.38000488281,0.0,0.0,2120.4,63.51262399316327,122.0,0.0,0.0
2022-09-19,RunRun,231.0,0.988074183464051,3067.839904785161,0.0,0.0,4240.8,140.73857292468867,423.0,0.0,0.0
2022-09-20,Bike,134.0,0.740795016288757,15745.7900390625,0.0,0.0,2120.4,55.11213599361079,392.0,0.0,0.0
2022-09-22,Run,141.0,0.321163862943649,2693.75,0.0,0.0,2120.4,80.16004123597415,208.0,0.0,0.0
2022-09-24,Run,151.0,0.584403336048126,5405.22021484375,0.0,0.0,2120.4,81.73023351960713,406.0,0.0,0.0
2022-09-25,Bike,146.0,1.08468580245972,25256.099609375,0.0,0.0,2120.4,51.29226324806378,632.0,0.0,0.0
2022-09-30,Run,154.0,0.413606405258179,2712.14990234375,0.0,0.0,2120.4,78.05467248340872,298.0,0.0,0.0
2022-10-07,Run,102.0,0.194274172186852,596.97998046875,0.0,0.0,2120.4,70.02391508499544,63.0,0.0,0.0
2022-10-08,Run,143.0,1.0730094909668,9201.5595703125,0.0,0.0,2120.4,80.16004123597415,680.0,0.0,0.0
2022-10-12,Run,140.0,0.709827482700348,2453.60009765625,0.0,0.0,2120.4,88.12570089400188,358.0,0.0,0.0
2022-10-16,Run,139.0,0.848932206630707,3855.84008789063,0.0,0.0,2120.4,79.45680509106103,481.0,0.0,0.0
2022-10-21,Run,143.0,0.473025262355804,2207.85009765625,0.0,0.0,2120.4,80.16004123597415,285.0,0.0,0.0
2022-10-23,Bike,152.0,0.904407501220703,23878.869140625,1.0,0.0,2120.4,67.25150296566473,597.0,0.0,0.0
2022-10-25,Run,159.0,0.64428722858429,6404.0400390625,0.833333333333333,0.0,2120.4,83.83654038622733,479.0,0.0,0.0
2022-10-26,Swim,145.0,0.515576113594903,1300.0,0.5,1188.71997070313,2120.4,42.67759625225827,294.0,0.0,0.0
2022-10-28,Bike,143.0,0.908412218093872,23970.859375,1.0,0.0,2120.4,55.008658507706,534.0,0.0,0.0
2022-10-30,SwimBike,272.0,1.181809986299939,5055.25,1.851532890001933,2743.2001953125,4240.8,104.73144040048577,771.0,0.0,0.0
2022-11-02,Bike,137.0,0.826017796993256,19825.9296875,1.0,0.0,2120.4,50.66524491843702,442.0,0.0,0.0
2022-11-04,Run,137.0,1.00730311870575,5807.22021484375,1.0,0.0,2120.4,79.45680509106103,568.0,0.0,0.0
2022-11-11,Run,139.0,0.404966115951538,2632.03002929688,0.0,0.0,2120.4,79.45680509106103,257.0,0.0,0.0
2022-11-13,Bike,139.0,0.827843606472015,19931.150390625,0.0,0.0,2120.4,43.863385228471074,441.0,0.0,0.0
2022-11-17,Run,160.0,0.480486661195755,3255.669921875,0.0,0.0,2120.4,83.83654038622733,369.0,0.0,0.0
2022-11-20,Swim,145.0,0.491374447080824,1300.0,0.0,0.0,2120.4,42.67759625225827,309.0,0.0,0.0
2022-12-01,Swim,127.0,0.170376667976379,675.0,0.0,0.0,2120.4,40.37296084231173,167.0,0.0,0.0
2022-12-16,Bike,145.0,0.659738004207611,14639.259765625,0.0,0.0,2120.4,51.29226324806378,413.0,0.0,0.0
2022-12-17,Run,150.0,0.254294723272324,2400.72998046875,0.0,0.0,2120.4,72.24080151798282,193.0,0.0,0.0
2022-12-19,Bike,157.0,0.595179200172424,14472.16015625,0.0,0.0,2120.4,63.20955032908585,434.0,0.0,0.0
2022-12-22,Run,156.0,0.80813467502594,6659.60009765625,0.833333333333333,0.0,2120.4,83.83654038622733,560.0,0.0,0.0
2022-12-24,SwimBike,283.0,1.277552500300937,22519.859375,1.5,1188.71997070313,4240.8,107.03002582907877,992.0,0.0,0.0
2022-12-25,Run,152.0,1.16887962818146,8494.4501953125,1.0,0.0,2120.4,87.87849302280621,718.0,0.0,0.0
2022-12-26,Bike,134.0,0.93309223651886,11384.6201171875,1.0,0.0,2120.4,55.11213599361079,463.0,0.0,0.0
2022-12-27,Swim,120.0,1.5170441754659,6200.0,1.52653289000193,2743.2001953125,2120.4,40.375382506826334,,0.0,0.0
2022-12-29,SwimBikeRun,411.0,2.033571400112576,17479.71044921875,0.461486222479079,822.960021972656,6361.200000000001,169.2466898460087,1475.0,0.0,0.0
2023-01-04,Run,140.0,0.490035563707352,3546.57006835938,0.833333333333333,0.0,2120.4,88.12570089400188,281.0,0.0,0.0
2023-01-05,Swim,119.0,0.488642225265503,1825.0,0.5,1188.71997070313,2120.4,40.375382506826334,495.0,0.0,0.0
2023-01-07,Run,136.0,0.996318876743317,6762.85009765625,1.0,0.0,2120.4,79.45680509106103,529.0,0.0,0.0
2023-01-08,Bike,145.0,0.900274455547333,20753.5,1.0,0.0,2120.4,51.29226324806378,549.0,0.0,0.0
2023-01-11,Bike,147.0,1.00108575820923,22518.26953125,1.0,0.0,2120.4,53.154140036249224,628.0,0.0,0.0
2023-01-12,Bike,142.0,0.756187736988068,17346.009765625,0.75,0.0,2120.4,55.008658507706,466.0,0.0,0.0
2023-01-13,RunSwim,254.0,1.0343186100324,4709.4099121093805,1.63986622174581,2011.68005371094,4240.8,119.38738113736308,718.0,0.0,0.0
2023-01-14,Bike,140.0,1.39953052997589,30424.41015625,1.5,0.0,2120.4,55.008658507706,729.0,0.0,0.0
2023-01-15,RunSwim,283.0,1.891060015890338,9520.27978515625,2.027803113725453,2406.56005859375,4240.8,126.39516436663531,415.0,0.0,0.0
2023-02-12,Run,122.0,0.0605472214519978,407.600006103516,0.0,0.0,2120.4,75.44883298442564,32.0,0.0,0.0
2023-03-14,Run,135.0,0.713550567626953,3874.84008789063,1.16666666666667,0.0,2120.4,79.45680509106103,381.0,0.0,0.0
2023-03-15,Run,110.0,0.359491109848022,1232.82995605469,0.0,0.0,2120.4,63.51262399316327,136.0,0.0,0.0
2023-03-17,SwimRun,279.0,1.0011386319001518,2966.6700439453098,0.0,0.0,4240.8,125.6919282217222,599.0,0.0,0.0
2023-03-19,Run,138.0,0.84089583158493,3262.669921875,0.0,0.0,2120.4,79.45680509106103,476.0,0.0,0.0
2023-03-21,BikeSwim,282.0,1.066464706526862,18725.91015625,1.568333333333333,1554.47998046875,4240.8,101.24378163836718,689.0,0.0,0.0
2023-03-22,Run,148.0,0.816478908061981,7087.47021484375,0.833333333333333,0.0,2120.4,75.91776884371708,542.0,0.0,0.0
2023-03-23,Swim,142.0,0.414196668730842,1300.0,0.5,1188.71997070313,2120.4,46.23512313066117,339.0,0.0,0.0
2023-03-25,BikeRun,272.0,2.022902190685272,27644.10083007813,2.0,0.0,4240.8,129.22772273998729,1089.0,0.0,0.0
2023-03-26,Swim,140.0,0.931780559751723,2725.0,1.52653289000193,2743.2001953125,2120.4,46.23512313066117,691.0,0.0,0.0
2023-03-28,BikeRun,273.0,1.2482983469963078,2962.84008789063,1.583333333333333,0.0,4240.8,145.40457812078745,714.0,0.0,0.0
2023-03-29,Bike,137.0,0.799844682216644,20824.2890625,1.0,0.0,2120.4,50.66524491843702,462.0,0.0,0.0
2023-04-01,Bike,138.0,0.649945259094238,17378.060546875,1.5,0.0,2120.4,50.66524491843702,387.0,0.0,0.0
2023-04-07,Run,131.0,0.700468599796295,5699.66015625,0.666666666666667,0.0,2120.4,81.89735470744333,369.0,0.0,0.0
2023-04-08,Bike,135.0,1.32567799091339,36478.078125,1.5,0.0,2120.4,50.66524491843702,710.0,0.0,0.0
2023-04-09,Run,128.0,1.24967777729034,6953.1298828125,1.0,0.0,2120.4,81.89735470744333,614.0,0.0,0.0
2023-04-10,Swim,129.0,1.04004306051466,3075.0,1.10204177750482,1920.23999023438,2120.4,52.05985402325725,763.0,0.0,0.0
2023-04-15,BikeSwim,266.0,2.309017346700034,41680.55859375,2.86980133374532,2011.68005371094,4240.8,102.72509894169428,1287.0,0.0,0.0
2023-04-18,Run,143.0,0.622218906879425,5689.33984375,0.833333333333333,0.0,2120.4,80.16004123597415,394.0,0.0,0.0
2023-04-19,Bike,121.0,0.74129331111908,12333.4501953125,0.75,0.0,2120.4,42.47669013085813,344.0,0.0,0.0
2023-04-20,Bike,107.0,0.902365863323212,23999.08984375,1.0,0.0,2120.4,20.89125956895044,312.0,0.0,0.0
2023-04-22,SwimRun,266.0,1.8634941736857051,7225.60986328125,1.818333333333333,1554.47998046875,4240.8,109.54719234827292,1148.0,0.0,0.0
2023-04-23,Bike,139.0,1.02177774906158,0.0,1.25,0.0,2120.4,60.75679535192451,565.0,0.0,0.0
2023-04-24,Run,116.0,0.36197167634964,794.570007324219,0.0,0.0,2120.4,67.32584054397036,152.0,0.0,0.0
2023-04-25,BikeRun,243.0,0.72983667254448,1306.22998046875,1.65,0.0,4240.8,118.98508293694546,347.0,0.0,0.0
2023-04-27,RunRun,252.0,1.018038660287857,7297.159957885742,0.833333333333333,0.0,4240.8,150.18395632096957,609.0,0.0,0.0
2023-04-29,SwimRun,258.0,1.798328060574002,6393.93994140625,2.41063466707865,2651.76000976563,4240.8,124.27665700854654,999.0,0.0,0.0
2023-04-30,Bike,128.0,1.70266354084015,35798.078125,1.5,0.0,2120.4,59.71801633041584,768.0,0.0,0.0
2023-05-02,Run,145.0,0.593190550804138,2897.26000976563,1.0,0.0,2120.4,72.2566597675942,384.0,0.0,0.0
2023-05-04,Bike,133.0,1.25718665122986,27574.3203125,1.0,0.0,2120.4,55.11213599361079,626.0,0.0,0.0
2023-05-06,Bike,137.0,1.60609328746796,44085.23828125,1.75,0.0,2120.4,50.66524491843702,892.0,0.0,0.0
2023-05-07,SwimRun,273.0,2.113771057658723,12350.0,2.31560222307841,2103.1201171875,4240.8,116.2907296860288,1286.0,0.0,0.0
2023-05-09,BikeRunBike,311.0,0.6403191601857541,3815.9599609375,2.2,0.0,6361.200000000001,112.30522137283972,347.0,0.0,0.0
2023-05-10,Swim,130.0,0.808553336726295,2325.0,0.845555555555556,1737.36010742188,2120.4,52.05985402325725,441.0,0.0,0.0
2023-05-12,Swim,132.0,1.15912361568875,3425.0,1.35569955507914,2377.43994140625,2120.4,52.05985402325725,624.0,0.0,0.0
2023-05-13,Bike,134.0,1.71341466903687,45811.37109375,2.0,0.0,2120.4,55.11213599361079,843.0,0.0,0.0
2023-05-14,RunSwim,278.0,2.2363920238282997,14525.0,2.26713911056519,1920.23999023438,4240.8,127.97762286697434,1530.0,0.0,0.0
2023-05-18,Run,134.0,0.115716390311718,1000.75,0.0,0.0,2120.4,84.44007496424075,74.0,0.0,0.0
2023-05-19,Run,140.0,0.358233332633972,3000.0,0.0,0.0,2120.4,88.12570089400188,240.0,0.0,0.0
2023-05-20,BikeRun,250.0,1.3228380903601606,33680.549377441406,2.25,0.0,4240.8,125.03257359270144,753.0,0.0,0.0
2023-05-21,RunSwim,295.0,1.2677441848648918,7475.0,1.4511577786339651,1645.92004394531,4240.8,133.45584479310227,905.0,0.0,0.0
2023-05-25,Run,150.0,0.863161444664001,8770.0,1.0,0.0,2120.4,73.86264883147636,600.0,0.0,0.0
2023-05-26,Swim,137.0,0.415377223756578,1225.0,1.05708844396803,1920.23999023438,2120.4,49.61930440687495,276.0,0.0,0.0
2023-05-27,RunSwim,263.0,1.761198115878635,10340.1298828125,2.206388888888886,1691.64001464844,4240.8,119.82976593337276,1047.0,0.0,0.0
2023-05-28,Bike,146.0,1.51774942874908,40669.08984375,2.0,0.0,2120.4,51.29226324806378,915.0,0.0,0.0
2023-05-30,Run,143.0,0.926801681518555,8254.4404296875,1.16666666666667,0.0,2120.4,80.16004123597415,623.0,0.0,0.0
2023-06-06,Run,146.0,0.716550588607788,6420.18994140625,0.9,0.0,2120.4,72.2566597675942,490.0,0.0,0.0
2023-06-07,Swim,127.0,0.548272780312432,1550.0,1.08888888888889,2011.68005371094,2120.4,40.37296084231173,309.0,0.0,0.0
2023-06-08,BikeRun,268.0,0.905855536460877,15101.169921875,1.25,0.0,4240.8,132.48861639174314,543.0,0.0,0.0
2023-06-09,SwimRun,266.0,1.673232232729597,7216.18994140625,1.69446978039212,2406.56005859375,4240.8,131.5166591143183,966.0,0.0,0.0
2023-06-10,Bike,141.0,2.00730967521667,51058.69921875,3.0,0.0,2120.4,55.008658507706,,0.0,0.0
2023-06-11,SwimRun,281.0,2.4356164450115596,14322.7001953125,2.5012226655748098,2103.1201171875,4240.8,129.7793456428491,1572.0,0.0,0.0
2023-06-13,Swim,132.0,0.877253336906433,2425.0,0.951157778633965,1645.92004394531,2120.4,52.05985402325725,501.0,0.0,0.0
2023-06-14,Swim,119.0,0.423011668523153,1325.0,0.5,1188.71997070313,2120.4,40.375382506826334,227.0,0.0,0.0
2023-06-15,Run,135.0,0.165725558996201,1349.36999511719,0.733333333333333,0.0,2120.4,79.99318388906697,108.0,0.0,0.0
2023-06-16,Bike,111.0,0.360559731721878,8111.14013671875,1.0,0.0,2120.4,20.89125956895044,157.0,0.0,0.0
2023-06-17,RunSwim,281.0,1.207787811756134,6919.2001953125,1.485,1554.47998046875,4240.8,129.7793456428491,801.0,0.0,0.0
2023-06-18,Bike,142.0,1.40824449062347,39401.26953125,2.0,0.0,2120.4,55.008658507706,831.0,0.0,0.0
2023-06-21,Bike,108.0,0.727029144763947,13108.83984375,0.75,0.0,2120.4,20.89125956895044,260.0,0.0,0.0
2023-06-22,Swim,116.0,0.885364447699653,2275.0,1.08888888888889,2011.68005371094,2120.4,39.62345966799855,529.0,0.0,0.0
2023-06-24,RunSwim,261.0,1.823148913913306,11368.8095703125,2.45177822113037,2194.56005859375,4240.8,111.88011943559276,1193.0,0.0,0.0
2023-06-25,Bike,140.0,3.24999475479126,81572.9921875,3.5,0.0,2120.4,55.008658507706,,0.0,0.0
2023-06-27,Run,144.0,1.26674664020538,10000.0,1.1,0.0,2120.4,80.16004123597415,790.0,0.0,0.0
2023-06-28,Swim,121.0,1.16460445033179,3150.0,1.67508044189877,3017.52001953125,2120.4,37.49002642991975,608.0,0.0,0.0
2023-06-30,BikeSwim,278.0,1.748950046433345,31590.05078125,2.095555555555556,1737.36010742188,4240.8,108.9159856085154,1109.0,0.0,0.0
2023-07-01,RunSwim,232.0,0.5069158358871938,1772.160003662109,2.83353999879625,2468.88012695313,4240.8,113.46059130380108,355.0,0.0,0.0
2023-07-02,BikeRun,278.0,4.925945222377781,112837.76220703124,4.75,0.0,4240.8,130.82528615441117,508.0,0.0,0.0
2023-07-04,Swim,114.0,1.26892389297485,3200.0,1.5725791115231,2926.080078125,2120.4,33.774921453696265,550.0,0.0,0.0
2023-07-05,Run,145.0,0.778141140937805,7580.0,1.3,0.0,2120.4,72.2566597675942,527.0,0.0,0.0
2023-07-07,Bike,92.0,0.515981674194336,0.0,1.0,0.0,2120.4,15.903670807929284,136.0,0.0,0.0
2023-07-08,Run,123.0,0.805631399154663,5734.68994140625,1.86666666666667,0.0,2120.4,64.65602850788562,411.0,0.0,0.0
2023-07-10,BikeRun,259.0,5.868463337421421,128677.35888671876,6.0,0.0,4240.8,142.7005416643839,558.0,0.0,0.0
2023-07-12,Bike,150.0,0.927658081054688,0.0,1.0,0.0,2120.4,83.8135015718358,692.0,0.0,0.0
2023-07-13,Swim,133.0,0.49581028037601,1350.0,0.818333333333333,1554.47998046875,2120.4,54.066195482048734,335.0,0.0,0.0
2023-07-15,Run,156.0,0.836386382579803,8870.0,0.833333333333333,0.0,2120.4,83.83654038622733,663.0,0.0,0.0
2023-07-18,Run,141.0,1.17190492153168,9773.4697265625,1.05,0.0,2120.4,80.16004123597415,753.0,0.0,0.0
2023-07-21,Swim,121.0,0.571163613531325,1475.0,0.757416888342963,1920.23999023438,2120.4,37.49002642991975,305.0,0.0,0.0
2023-07-22,Swim,130.0,0.900114447275797,2400.0,1.18279199918111,3017.52001953125,2120.4,52.05985402325725,510.0,0.0,0.0
2023-07-23,Bike,136.0,3.21226692199707,86385.2734375,5.0,0.0,2120.4,50.66524491843702,,0.0,0.0
2023-07-25,Run,143.0,1.12816774845123,10237.41015625,1.2,0.0,2120.4,80.16004123597415,795.0,0.0,0.0
2023-07-29,Swim,125.0,1.44131497383118,2000.0,1.18279199918111,3017.52001953125,2120.4,40.37296084231173,707.0,0.0,0.0
2023-08-01,Swim,134.0,1.66809111701118,4400.0,0.0,0.0,2120.4,54.066195482048734,968.0,0.0,0.0
2023-08-02,Bike,136.0,0.979294419288635,0.0,0.5,0.0,2120.4,67.55865504189042,519.0,0.0,0.0
2023-08-05,Swim,124.0,0.868685002856784,2200.0,1.15311644342211,2743.2001953125,2120.4,40.37296084231173,503.0,0.0,0.0
2023-08-08,Run,124.0,0.746046423912048,5442.10986328125,1.6025,12066.0,2120.4,75.64183823789858,406.0,0.0,0.0
2023-08-11,RunSwim,281.0,1.33491305033366,9276.25,1.0,0.0,4240.8,126.39516436663531,885.0,0.0,0.0
2023-08-13,BikeRun,285.0,1.43191397190094,29951.0693359375,2.750555555555556,5845.0,4240.8,127.2653182753002,1015.0,0.0,0.0
2023-08-20,RunSwimBike,423.0,10.74452497058445,203961.828125,0.0,0.0,6361.200000000001,209.76321524571665,791.0,0.0,0.0
2023-08-24,Run,143.0,0.061095554381609,583.349975585938,0.0,0.0,2120.4,80.69642003398009,46.0,0.0,0.0
2023-08-25,Swim,126.0,0.464197223451402,1250.0,0.0,0.0,2120.4,40.37296084231173,270.0,0.0,0.0
2023-08-26,BikeRunBike,389.0,1.727108240127563,28585.24951171875,0.0,0.0,6361.200000000001,173.9903920735251,984.0,0.0,0.0
2023-08-27,Swim,115.0,0.154823889202542,550.0,0.0,0.0,2120.4,47.09799236134278,78.0,0.0,0.0
2023-08-31,RunRunSwim,411.0,3.723926212787624,25029.490234375,0.0,0.0,6361.200000000001,195.7012697476898,950.0,0.0,0.0
2023-09-08,BikeRun,276.0,1.246215641498566,19981.8603515625,0.0,0.0,4240.8,138.9123546739408,801.0,0.0,0.0
2023-09-11,Run,144.0,1.00596356391907,8220.0,0.0,0.0,2120.4,80.16004123597415,714.0,0.0,0.0
2023-09-13,Bike,125.0,1.13425922393799,0.0,0.0,0.0,2120.4,54.997398724434554,553.0,0.0,0.0
2023-09-14,Run,134.0,0.14517804980278,1001.20001220703,0.0,0.0,2120.4,84.44007496424075,98.0,0.0,0.0
2023-09-15,SwimRun,264.0,2.1136313242382503,11510.6904296875,0.0,0.0,4240.8,120.53542374280048,1206.0,0.0,0.0
2023-09-17,Run,147.0,1.07829165458679,8470.0,0.0,0.0,2120.4,75.91776884371708,767.0,0.0,0.0
2023-09-18,Bike,134.0,2.00288867950439,0.0,0.0,0.0,2120.4,65.05206568122871,,0.0,0.0
2023-09-20,Swim,141.0,1.07390528149075,2875.0,0.0,0.0,2120.4,46.23512313066117,691.0,0.0,0.0
2023-09-21,Run,146.0,0.154764726758003,1234.46997070313,0.0,0.0,2120.4,70.63481245410065,113.0,0.0,0.0
2023-09-22,Run,144.0,2.00079870223999,16850.0,0.0,0.0,2120.4,80.16004123597415,,0.0,0.0
2023-09-23,SwimSwimSwim,338.0,0.3217488892873125,875.0,0.0,0.0,6361.200000000001,343.02454065946836,151.0,0.0,0.0
2023-09-26,RunBike,300.0,0.5377446860075,1644.26000976563,0.0,0.0,4240.8,163.14777770280008,419.0,0.0,0.0
2023-09-27,SwimSwimSwimSwim,570.0,0.7946861145231463,2175.0,0.0,0.0,8481.6,290.74987696183797,565.0,0.0,0.0
2023-09-28,BikeRun,287.0,1.454237431287767,2863.8701171875,0.0,0.0,4240.8,146.50712561503434,953.0,0.0,0.0
2023-09-29,Swim,137.0,0.733383336597019,2025.0,0.0,0.0,2120.4,49.61930440687495,453.0,0.0,0.0
2023-09-30,Run,144.0,1.89234387874603,16548.740234375,0.0,0.0,2120.4,80.16004123597415,,0.0,0.0
2023-10-04,Swim,137.0,0.668813336160448,1800.0,0.0,0.0,2120.4,49.61930440687495,439.0,0.0,0.0
2023-10-05,Bike,139.0,0.430479437112808,0.0,0.0,0.0,2120.4,60.75679535192451,283.0,0.0,0.0
2023-10-07,Run,147.0,0.725803375244141,7008.2939453125,0.0,0.0,2120.4,75.91776884371708,560.0,0.0,0.0
2023-10-08,Bike,141.0,1.26684188842773,0.0,0.0,0.0,2120.4,74.25046584744014,779.0,0.0,0.0
2023-10-10,Run,144.0,1.00793719291687,8400.0,0.0,0.0,2120.4,80.16004123597415,711.0,0.0,0.0
2023-10-12,Run,145.0,0.427839159965515,2033.36999511719,0.0,0.0,2120.4,72.2566597675942,288.0,0.0,0.0
2023-10-13,Swim,122.0,0.50996083577474,1475.0,0.0,0.0,2120.4,37.49002642991975,272.0,0.0,0.0
2023-10-14,Run,146.0,1.26596105098724,11500.0,0.0,0.0,2120.4,72.2566597675942,851.0,0.0,0.0
2023-10-15,Bike,140.0,1.25720369815826,0.0,0.0,0.0,2120.4,74.25046584744014,809.0,0.0,0.0
2023-10-16,Swim,140.0,0.509910001754761,1350.0,0.0,0.0,2120.4,46.23512313066117,353.0,0.0,0.0
2023-10-19,Swim,148.0,0.510488057666355,1500.0,0.0,0.0,2120.4,44.53947304044372,388.0,0.0,0.0
2023-10-20,Bike,133.0,1.00071001052856,0.0,0.0,0.0,2120.4,65.05206568122871,592.0,0.0,0.0
2023-10-22,SwimRun,283.0,1.378245028654734,9500.0,0.0,0.0,4240.8,125.53707325059204,965.0,0.0,0.0
2023-10-24,Swim,123.0,0.50165416876475,1400.0,0.0,0.0,2120.4,29.38715111229876,292.0,0.0,0.0
2023-10-25,BikeRun,231.0,1.70837527513504,72.370002746582,0.0,0.0,4240.8,138.52857079803738,834.0,0.0,0.0
2023-10-26,SwimRun,281.0,1.030584733486176,5644.60986328125,0.0,0.0,4240.8,129.7793456428491,717.0,0.0,0.0
2023-10-28,Bike,140.0,1.19194781780243,0.0,0.0,0.0,2120.4,74.25046584744014,791.0,0.0,0.0
2023-10-29,Run,143.0,1.11425471305847,8759.0595703125,0.0,0.0,2120.4,80.16004123597415,774.0,0.0,0.0
2023-10-30,Swim,113.0,0.502705001831055,1375.0,0.0,0.0,2120.4,33.774921453696265,238.0,0.0,0.0
2023-10-31,Run,97.0,0.175787776708603,907.820007324219,0.0,0.0,2120.4,58.841218217245334,57.0,0.0,0.0
2023-11-09,SwimRunSwim,349.0,0.759583049482769,1699.9799995422363,0.0,0.0,6361.200000000001,137.4666658971996,452.0,0.0,0.0
2023-11-11,SwimRun,284.0,0.423523618115319,2805.0,0.0,0.0,4240.8,133.10825944053886,304.0,0.0,0.0
2023-11-12,Bike,148.0,1.00058269500732,0.0,0.0,0.0,2120.4,72.39594737598337,696.0,0.0,0.0
2023-11-13,Run,112.0,0.713391363620758,2772.919921875,0.0,0.0,2120.4,66.78946174596442,282.0,0.0,0.0
2023-11-14,SwimSwim,281.0,0.5317869461907281,1425.0,0.0,0.0,4240.8,95.85442753753613,388.0,0.0,0.0
2023-11-15,SwimSwimRun,380.0,1.405452738602956,2056.5,0.0,0.0,6361.200000000001,175.51629006593473,720.0,0.0,0.0
2023-11-17,Run,142.0,0.57941609621048,5599.64990234375,0.0,0.0,2120.4,80.16004123597415,403.0,0.0,0.0
2023-11-18,Run,151.0,1.00552356243134,9460.0,0.0,0.0,2120.4,81.73023351960713,755.0,0.0,0.0
2023-11-21,Run,121.0,0.480642229318619,3098.60009765625,0.0,0.0,2120.4,64.65602850788562,235.0,0.0,0.0
2023-11-22,Bike,143.0,1.00090634822845,0.0,0.0,0.0,2120.4,74.25046584744014,648.0,0.0,0.0
2023-11-23,Run,121.0,0.241381391882896,1035.5,0.0,0.0,2120.4,65.19240730589156,129.0,0.0,0.0
2023-11-24,Run,140.0,0.928726375102997,8709.98046875,0.0,0.0,2120.4,88.12570089400188,648.0,0.0,0.0
2023-11-26,Bike,124.0,0.518984198570251,11371.6201171875,0.0,0.0,2120.4,53.46249986087109,270.0,0.0,0.0
2023-11-28,Run,148.0,0.762388944625854,6510.3798828125,0.0,0.0,2120.4,75.91776884371708,518.0,0.0,0.0
2023-11-29,BikeBike,144.0,0.580660015344619,16581.7802734375,0.0,0.0,4240.8,54.84979012646668,220.0,0.0,0.0
2023-11-30,BikeBike,154.0,3.47867047786713,94601.25,0.0,0.0,4240.8,57.427682426267246,,0.0,0.0
2023-12-02,SwimSwim,220.0,0.4953463904062909,1300.0,0.0,0.0,4240.8,130.83126975754803,241.0,0.0,0.0
2023-12-03,BikeBike,140.0,2.87440073490142,74109.86328125,0.0,0.0,4240.8,55.008658507706,904.0,0.0,0.0
2023-12-04,Run,110.0,0.231263890862465,1142.21997070313,0.0,0.0,2120.4,63.51262399316327,102.0,0.0,0.0
2023-12-06,BikeBike,142.0,2.07406222820282,64310.4296875,0.0,0.0,4240.8,55.008658507706,705.0,0.0,0.0
2023-12-15,BikeBike,140.0,0.971095293760299,25129.150390625,0.0,0.0,4240.8,55.008658507706,351.0,0.0,0.0
2023-12-16,Run,139.0,0.974264442920685,8603.7001953125,0.0,0.0,2120.4,79.45680509106103,642.0,0.0,0.0
2023-12-17,Bike,136.0,1.00023663043976,28532.19921875,0.0,0.0,2120.4,50.66524491843702,588.0,0.0,0.0
2023-12-18,BikeBike,316.0,0.811450272798539,24556.140625,0.0,0.0,4240.8,126.4191006581717,695.0,0.0,0.0
2023-12-20,BikeBike,313.0,0.8068727850913999,24997.390625,0.0,0.0,4240.8,126.4191006581717,690.0,0.0,0.0
2023-12-23,Run,102.0,1.50754499435425,4820.9501953125,0.0,0.0,2120.4,62.97624519515733,487.0,0.0,0.0
2023-12-24,Run,139.0,1.34474194049835,11721.5400390625,0.0,0.0,2120.4,79.45680509106103,886.0,0.0,0.0
2023-12-28,Run,148.0,0.89554637670517,8454.5302734375,0.0,0.0,2120.4,75.91776884371708,645.0,0.0,0.0
2024-01-03,BikeBike,267.0,1.390106081962586,39960.439453125,0.0,0.0,4240.8,110.38326124885285,826.0,0.0,0.0
2024-01-07,BikeBikeBike,463.0,1.896202772855758,50242.2587890625,0.0,0.0,6361.200000000001,185.20892698745476,1426.0,0.0,0.0
2024-01-08,BikeBike,309.0,0.971495002508163,25405.7294921875,0.0,0.0,4240.8,130.46105329475057,743.0,0.0,0.0
2024-01-14,BikeBike,235.0,2.6152149438858,30078.240234375,0.0,0.0,4240.8,79.02803956235431,1165.0,0.0,0.0
2024-01-16,BikeSwimBike,271.0,2.535359829796685,65694.05078125,1.351666666666667,1554.47998046875,6361.200000000001,104.73144040048577,971.0,0.0,0.0
2024-01-17,Run,152.0,1.01387917995453,8600.0,0.833333333333333,0.0,2120.4,87.87849302280621,777.0,0.0,0.0
2024-01-21,Bike,143.0,1.16168284416199,30989.640625,1.0,0.0,2120.4,55.008658507706,777.0,0.0,0.0
2024-01-22,Swim,126.0,0.498796113332113,1300.0,0.601666666666667,1554.47998046875,2120.4,40.37296084231173,286.0,0.0,0.0
2024-01-23,BikeBikeBikeBike,593.0,3.215712726116182,66493.2099609375,0.75,0.0,8481.6,267.8066801625058,2168.0,0.0,0.0
2024-01-24,Run,141.0,1.00113415718079,9890.0,0.833333333333333,0.0,2120.4,80.16004123597415,689.0,0.0,0.0
2024-01-25,BikeBike,254.0,1.7393761575222029,25682.6396484375,0.0,0.0,4240.8,72.18352281701422,810.0,0.0,0.0
2024-01-26,Swim,134.0,0.374390835232205,975.0,0.0,0.0,2120.4,54.066195482048734,245.0,0.0,0.0
2024-01-31,BikeBikeBike,426.0,2.191078364849092,49846.560546875,0.0,0.0,6361.200000000001,172.1543572643891,1418.0,0.0,0.0
2024-02-13,BikeBike,304.0,1.206831395626068,30015.4501953125,0.75,0.0,4240.8,114.50181357714963,807.0,0.0,0.0
2024-02-14,SwimRun,286.0,1.489922200308902,10150.0,0.833333333333333,0.0,4240.8,123.48195323835132,1043.0,0.0,0.0
2024-02-16,BikeBikeBike,436.0,1.809122502803802,21904.830078125,1.0,0.0,6361.200000000001,176.67612396232838,1185.0,0.0,0.0
2024-02-20,RunBikeBike,270.0,2.567245006561281,32460.35009765625,1.583333333333333,0.0,6361.200000000001,134.56894108467182,1162.0,0.0,0.0
2024-02-21,Bike,138.0,1.17375159263611,0.0,1.25,0.0,2120.4,67.55865504189042,703.0,0.0,0.0
2024-02-23,BikeBikeBike,409.0,2.69300967454911,51523.419921875,1.0,0.0,6361.200000000001,168.88914487876443,1549.0,0.0,0.0
2024-02-27,BikeBikeBike,397.0,1.777367174625397,43106.58984375,0.75,0.0,6361.200000000001,170.1012775792687,1000.0,0.0,0.0
2024-02-28,BikeRunBike,422.0,2.8671383261680647,54597.4609375,2.083333333333333,0.0,6361.200000000001,177.24825868059114,1674.0,0.0,0.0
2024-02-29,Bike,139.0,1.00163972377777,23161.140625,1.0,0.0,2120.4,43.863385228471074,613.0,0.0,0.0
2024-03-01,Run,142.0,0.769614458084106,6080.080078125,0.666666666666667,0.0,2120.4,80.16004123597415,526.0,0.0,0.0
2024-03-02,BikeBikeBike,399.0,2.27000105381012,59341.91015625,1.5,0.0,6361.200000000001,163.29941788930273,1242.0,0.0,0.0
2024-03-03,Run,132.0,1.38964354991913,8593.4599609375,1.0,0.0,2120.4,81.89735470744333,788.0,0.0,0.0
2024-03-05,BikeBikeBikeRun,526.0,2.244693860411645,38913.4296875,1.583333333333333,0.0,8481.6,234.99443659213267,1346.0,0.0,0.0
2024-03-06,BikeSwim,250.0,1.531073600451151,1000.0,2.126843110720317,2103.1201171875,4240.8,105.61991939163964,809.0,0.0,0.0
2024-03-07,BikeBikeBike,415.0,3.023481011390682,83549.5390625,1.0,0.0,6361.200000000001,169.73533334582785,1714.0,0.0,0.0
2024-03-12,Bike,128.0,1.00240302085876,22744.349609375,0.0,0.0,2120.4,59.71801633041584,540.0,0.0,0.0
2024-03-14,BikeBike,276.0,2.01321637630463,56068.94921875,1.0,0.0,4240.8,118.03419409297275,1232.0,0.0,0.0
2024-03-15,RunSwim,289.0,1.205511692365012,9350.0,0.833333333333333,0.0,4240.8,137.49779742968116,936.0,0.0,0.0
2024-03-19,BikeBikeRun,421.0,2.602301239967347,57317.6787109375,1.65,0.0,6361.200000000001,190.64444368183896,1591.0,0.0,0.0
2024-03-20,Bike,120.0,0.698213934898376,0.0,1.25,0.0,2120.4,43.151810484626274,333.0,0.0,0.0
2024-03-21,Run,140.0,0.609796941280365,5759.759765625,0.833333333333333,0.0,2120.4,88.12570089400188,429.0,0.0,0.0
2024-03-22,BikeBike,264.0,1.020914435386658,25583.5400390625,0.75,0.0,4240.8,114.83015232402664,533.0,0.0,0.0
2024-03-24,BikeBikeBike,401.0,3.500627279281613,91712.23046875,1.5,0.0,6361.200000000001,165.49539724246364,1912.0,0.0,0.0
2024-03-26,BikeRun,252.0,1.302013039588928,4399.43017578125,1.75,0.0,4240.8,129.90056539269892,758.0,0.0,0.0
2024-04-02,BikeRun,277.0,1.941067755222323,27445.599609375,2.2,0.0,4240.8,123.3201903195321,1239.0,0.0,0.0
2024-04-04,RunBike,268.0,1.3383660912513728,3909.67993164063,1.5,0.0,4240.8,119.92935783813869,811.0,0.0,0.0
2024-04-06,BikeBike,293.0,3.61101329326629,99783.9609375,2.0,0.0,4240.8,104.446403284313,,0.0,0.0
2024-04-11,BikeBike,286.0,2.05543994903564,59641.490234375,1.0,0.0,4240.8,110.017317015412,1351.0,0.0,0.0
2024-04-12,Run,133.0,0.833735823631287,7098.06982421875,1.0,0.0,2120.4,83.90369616623481,486.0,0.0,0.0
2024-04-13,BikeBike,281.0,2.6014530658721897,72650.9921875,1.25,0.0,4240.8,110.017317015412,1577.0,0.0,0.0
2024-04-16,BikeRunSwim,403.0,1.340163578722211,5493.06982421875,1.25,0.0,6361.200000000001,185.58506775951457,906.0,0.0,0.0
2024-04-17,BikeBike,284.0,2.51044976711273,73500.953125,1.25,0.0,4240.8,110.017317015412,1582.0,0.0,0.0
2024-04-19,BikeBike,116.0,1.3306739330291748,27708.990234375,0.75,0.0,4240.8,44.610123368936925,313.0,0.0,0.0
2024-04-21,BikeBike,256.0,3.16748440265655,92022.44140625,2.0,0.0,4240.8,119.43603266083169,1615.0,0.0,0.0
2024-04-23,BikeRun,263.0,1.287680804729462,6386.97998046875,1.66666666666667,0.0,4240.8,124.17163023039576,758.0,0.0,0.0
2024-04-25,BikeBike,272.0,2.7550995349884,76126.69921875,1.5,0.0,4240.8,101.33048983687404,1535.0,0.0,0.0
2024-04-28,RunBikeBike,430.0,5.86171764135361,132864.0859375,3.83333333333333,0.0,6361.200000000001,182.4071231697143,674.0,0.0,0.0
2024-05-03,BikeBike,272.0,5.8787746429443395,157303.9453125,3.0,0.0,4240.8,101.33048983687404,,0.0,0.0
2024-05-06,Run,149.0,0.637498915195465,4884.3798828125,0.75,0.0,2120.4,75.91776884371708,481.0,0.0,0.0
2024-05-10,Bike,136.0,0.737008333206177,21342.9609375,1.0,0.0,2120.4,50.66524491843702,456.0,0.0,0.0
2024-05-13,BikeBike,258.0,1.196117788553238,24157.83984375,2.0,0.0,4240.8,110.10953471804535,685.0,0.0,0.0
2024-05-14,Run,148.0,0.710555255413055,4879.97998046875,0.733333333333333,0.0,2120.4,75.91776884371708,515.0,0.0,0.0
2024-05-15,BikeBikeBike,253.0,1.734890013933181,44933.2607421875,0.75,0.0,6361.200000000001,113.18051619128693,655.0,0.0,0.0
2024-05-19,BikeRunBike,406.0,7.14268302917481,92537.12890625,4.75,0.0,6361.200000000001,195.17411569072675,643.0,0.0,0.0
2024-05-21,Run,139.0,0.904826402664185,8534.169921875,1.1,0.0,2120.4,79.45680509106103,631.0,0.0,0.0
2024-05-23,BikeBike,128.0,1.178839147090912,35691.150390625,0.0,0.0,4240.8,59.71801633041584,350.0,0.0,0.0
2024-05-24,BikeRunBikeBike,270.0,2.950157940387728,59561.7001953125,2.78333333333333,0.0,8481.6,136.90601321514933,1235.0,0.0,0.0
2024-05-26,BikeBikeBike,134.0,6.827767074108131,176495.84765625,4.0,0.0,6361.200000000001,55.11213599361079,,0.0,0.0
2024-05-28,Run,130.0,1.13442468643188,9457.16015625,1.3,0.0,2120.4,81.89735470744333,599.0,0.0,0.0
2024-05-30,Run,139.0,0.87030416727066,8174.14990234375,1.86666666666667,0.0,2120.4,79.45680509106103,548.0,0.0,0.0
2024-06-02,Bike,0.0,0.830900251865387,24050.94921875,0.0,0.0,2120.4,0.0,507.0,0.0,0.0
2024-06-03,BikeBikeBikeBikeRunBike,267.0,9.438029572367665,225641.52221679688,6.0,0.0,12722.4,139.01583215984562,543.0,0.0,0.0
2024-06-07,Swim,126.0,0.213540000915527,525.0,0.0,0.0,2120.4,46.54967711820932,172.0,0.0,0.0
2024-06-09,Run,145.0,0.746568620204926,7126.2001953125,0.5,0.0,2120.4,72.2566597675942,544.0,0.0,0.0
2024-06-18,Run,149.0,1.06181001663208,9439.33984375,1.2,0.0,2120.4,75.91776884371708,729.0,0.0,0.0
2024-06-23,BikeBikeBike,141.0,9.22714865207672,233774.0546875,6.0,0.0,6361.200000000001,60.343004144984,,0.0,0.0
2024-06-24,Swim,136.0,0.380623890558879,1000.0,0.0,0.0,2120.4,49.61930440687495,251.0,0.0,0.0
2024-06-25,SwimRun,267.0,0.665876117679808,4830.7900390625,1.18333333333333,0.0,4240.8,115.7239086241705,446.0,0.0,0.0
2024-06-30,Swim,144.0,0.518218613730537,1600.0,0.0,0.0,2120.4,46.23512313066117,378.0,0.0,0.0
2024-07-03,BikeBike,131.0,3.3846435546875,74025.83984375,6.0,0.0,4240.8,59.71801633041584,852.0,0.0,0.0
2024-07-04,SwimRun,278.0,0.994719990359412,8001.490234375,2.9594444444444443,2103.1201171875,4240.8,126.32285524964294,685.0,0.0,0.0
2024-07-05,Swim,134.0,0.515355836020576,1350.0,0.974095554351807,2468.88012695313,2120.4,54.066195482048734,317.0,0.0,0.0
2024-07-07,BikeBikeBikeRunBike,280.0,10.48461496829986,210554.6923828125,6.0,0.0,10602.0,148.4687050389859,620.0,0.0,0.0
2024-07-10,RunSwim,278.0,1.338165564007234,11798.6103515625,2.46758044189877,3017.52001953125,4240.8,126.32285524964294,973.0,0.0,0.0
2024-07-14,SwimBike,271.0,1.924384522438053,35413.71875,4.853813198005935,2743.2001953125,4240.8,109.33732073729078,1081.0,0.0,0.0
2024-07-20,BikeRun,288.0,4.189075708389286,95920.19873046876,5.750555555555556,5845.0,4240.8,146.70830805672574,467.0,0.0,0.0
2024-07-21,Run,133.0,0.229660555720329,2157.17993164063,0.0,0.0,2120.4,84.44007496424075,160.0,0.0,0.0
2024-07-29,Bike,143.0,5.11041021347046,116454.5,6.0,0.0,2120.4,70.06136022442502,,0.0,0.0
2024-07-30,RunSwimSwimSwim,514.0,1.2487846962610885,4986.2399902343805,0.0,0.0,8481.6,384.74106459126455,734.0,0.0,0.0
2024-08-03,Run,108.0,2.4390766620636,10138.990234375,1.00083333333333,7856.0,2120.4,62.97624519515733,928.0,0.0,0.0
2024-08-05,Bike,146.0,5.30361700057983,137148.46875,6.0,0.0,2120.4,66.34496496478279,,0.0,0.0
2024-08-08,Swim,139.0,1.19343747986688,4000.0,0.0,0.0,2120.4,49.61930440687495,730.0,0.0,0.0
2024-08-18,SwimBikeRun,415.0,13.8743292511834,223902.93359375,0.0,0.0,6361.200000000001,214.77278631249695,957.0,0.0,0.0
2024-08-23,Bike,125.0,0.815555572509766,19062.240234375,0.5,0.0,2120.4,53.46249986087109,428.0,0.0,0.0
2024-08-27,Swim,126.0,0.493931110170152,2100.0,0.333333333333333,0.0,2120.4,40.37296084231173,302.0,0.0,0.0
2024-08-29,Swim,115.0,0.197228889465332,1200.0,0.0,0.0,2120.4,39.62345966799855,240.0,0.0,0.0
2024-09-04,Bike,130.0,0.663369417190552,14509.91015625,1.0,0.0,2120.4,59.71801633041584,367.0,0.0,0.0
2024-09-08,Bike,0.0,0.0,0.0,2.0,0.0,2120.4,0.0,,0.0,0.0
2024-09-10,SwimRun,0.0,0.0,0.0,1.582023555967543,2011.68005371094,4240.8,51.2808188794691,,0.0,0.0
2024-09-11,Bike,0.0,0.0,0.0,0.75,0.0,2120.4,0.0,,0.0,0.0
2024-09-12,RunSwim,0.0,0.0,0.0,1.715277777777778,2011.68005371094,4240.8,51.2808188794691,,0.0,0.0
2024-09-13,Bike,0.0,0.0,0.0,1.25,0.0,2120.4,0.0,,0.0,0.0
2024-09-14,RunSwim,0.0,0.0,0.0,2.1515004433525933,2194.56005859375,4240.8,51.2808188794691,,0.0,0.0
2024-09-15,BikeRun,0.0,0.0,0.0,4.0,0.0,4240.8,0.0,,0.0,0.0
2024-09-17,Run,0.0,0.0,0.0,1.1,0.0,2120.4,0.0,,0.0,0.0
2024-09-18,SwimBike,0.0,0.0,0.0,2.2675804418987697,3017.52001953125,4240.8,51.697696989495874,,0.0,0.0
2024-09-19,Run,0.0,0.0,0.0,1.53333333333333,0.0,2120.4,0.0,,0.0,0.0
2024-09-20,BikeSwim,0.0,0.0,0.0,1.871388888888889,1737.36010742188,4240.8,50.087818242429016,,0.0,0.0
2024-09-21,RunSwim,0.0,0.0,0.0,1.4740955543518068,2468.88012695313,4240.8,51.2808188794691,,0.0,0.0
2024-09-22,BikeRun,0.0,0.0,0.0,4.75,0.0,4240.8,0.0,,0.0,0.0
2024-09-24,SwimRun,0.0,0.0,0.0,2.47646800041199,2926.080078125,4240.8,51.697696989495874,,0.0,0.0
2024-09-25,Bike,0.0,0.0,0.0,0.5,0.0,2120.4,0.0,,0.0,0.0
2024-09-26,SwimRun,0.0,0.0,0.0,2.86860711097718,2377.43994140625,4240.8,51.2808188794691,,0.0,0.0
2024-09-27,Bike,0.0,0.0,0.0,1.0,0.0,2120.4,0.0,,0.0,0.0
2024-09-28,Swim,0.0,0.0,0.0,0.974095554351807,2468.88012695313,2120.4,51.2808188794691,,0.0,0.0
2024-09-29,BikeRun,0.0,0.0,0.0,6.0,0.0,4240.8,0.0,,0.0,0.0
2024-10-01,Bike,0.0,0.0,0.0,1.0,0.0,2120.4,0.0,,0.0,0.0
2024-10-02,Run,0.0,0.0,0.0,1.2,0.0,2120.4,0.0,,0.0,0.0
2024-10-03,Swim,0.0,0.0,0.0,0.601666666666667,1554.47998046875,2120.4,50.087818242429016,,0.0,0.0
2024-10-04,Run,0.0,0.0,0.0,0.833333333333333,0.0,2120.4,0.0,,0.0,0.0
2024-10-05,Swim,0.0,0.0,0.0,1.14708844555749,2743.2001953125,2120.4,51.697696989495874,,0.0,0.0
2024-10-06,RunBike,0.0,0.0,0.0,3.5,0.0,4240.8,0.0,,0.0,0.0
2024-10-08,Run,0.0,0.0,0.0,1.05,0.0,2120.4,0.0,,0.0,0.0
2024-10-09,BikeSwim,0.0,0.0,0.0,1.668914224836561,2490.56005859375,4240.8,51.2808188794691,,0.0,0.0
2024-10-10,Run,0.0,0.0,0.0,2.2,0.0,2120.4,0.0,,0.0,0.0
2024-10-11,BikeSwim,0.0,0.0,0.0,1.7574168883429628,1920.23999023438,4240.8,51.2808188794691,,0.0,0.0
2024-10-12,Swim,0.0,0.0,0.0,1.18279199918111,3017.52001953125,2120.4,51.697696989495874,,0.0,0.0
2024-10-13,BikeRun,0.0,0.0,0.0,5.750555555555556,5845.0,4240.8,99.8966661453426,,0.0,0.0
2024-10-15,Run,0.0,0.0,0.0,1.2,0.0,2120.4,0.0,,0.0,0.0
2024-10-16,Swim,0.0,0.0,0.0,1.26758044189877,3017.52001953125,2120.4,51.697696989495874,,0.0,0.0
2024-10-17,Run,0.0,0.0,0.0,2.28333333333333,0.0,2120.4,0.0,,0.0,0.0
2024-10-18,BikeSwim,0.0,0.0,0.0,1.7574168883429628,1920.23999023438,4240.8,51.2808188794691,,0.0,0.0
2024-10-19,Swim,0.0,0.0,0.0,1.18279199918111,3017.52001953125,2120.4,51.697696989495874,,0.0,0.0
2024-10-20,BikeRun,0.0,0.0,0.0,6.750555555555556,5845.0,4240.8,99.8966661453426,,0.0,0.0
2024-10-22,Run,0.0,0.0,0.0,1.18333333333333,0.0,2120.4,0.0,,0.0,0.0
2024-10-23,SwimBike,0.0,0.0,0.0,1.328250221676297,2103.1201171875,4240.8,51.2808188794691,,0.0,0.0
2024-10-24,Run,0.0,0.0,0.0,2.53333333333333,0.0,2120.4,0.0,,0.0,0.0
2024-10-25,BikeSwim,0.0,0.0,0.0,2.1470884455574897,2743.2001953125,4240.8,51.697696989495874,,0.0,0.0
2024-10-26,Swim,0.0,0.0,0.0,1.15311644342211,2743.2001953125,2120.4,51.697696989495874,,0.0,0.0
2024-10-27,BikeRun,0.0,0.0,0.0,7.00083333333333,7856.0,4240.8,99.8966661453426,,0.0,0.0
2024-10-29,BikeRun,0.0,0.0,0.0,2.3525,12066.0,4240.8,99.8966661453426,,0.0,0.0
2024-10-30,Swim,0.0,0.0,0.0,0.972041777504815,2377.43994140625,2120.4,51.2808188794691,,0.0,0.0
2024-10-31,Bike,0.0,0.0,0.0,1.0,0.0,2120.4,0.0,,0.0,0.0
2024-11-01,RunBike,0.0,0.0,0.0,1.5,0.0,4240.8,0.0,,0.0,0.0
2024-11-02,Swim,0.0,0.0,0.0,1.53733377668593,3931.92016601563,2120.4,51.697696989495874,,0.0,0.0
2024-11-03,BikeRun,0.0,0.0,0.0,2.750555555555556,5845.0,4240.8,99.8966661453426,,0.0,0.0
2024-11-04,Swim,0.0,0.0,0.0,0.999949333932665,2423.16015625,2120.4,51.2808188794691,,0.0,0.0
2024-11-05,Run,0.0,0.0,0.0,0.833333333333333,0.0,2120.4,0.0,,0.0,0.0
2024-11-06,BikeSwim,0.0,0.0,0.0,1.25,1188.71997070313,4240.8,47.34075112013546,,0.0,0.0
2024-11-07,BikeRun,0.0,0.0,0.0,1.25,0.0,4240.8,0.0,,0.0,0.0
2024-11-09,SwimRunBike,0.0,0.0,0.0,0.705,662.940002441406,6361.200000000001,81.6577656309283,,0.0,0.0
2024-11-14,Swim,0.0,0.0,0.0,0.333333333333333,0.0,2120.4,0.0,,0.0,0.0
2024-11-15,Bike,0.0,0.0,0.0,0.5,0.0,2120.4,0.0,,0.0,0.0
2024-11-17,Run,0.0,0.0,0.0,0.333333333333333,0.0,2120.4,0.0,,0.0,0.0
2024-11-19,Swim,0.0,0.0,0.0,0.333333333333333,0.0,2120.4,0.0,,0.0,0.0
2024-11-20,Run,0.0,0.0,0.0,0.333333333333333,0.0,2120.4,0.0,,0.0,0.0
2024-11-21,Bike,0.0,0.0,0.0,0.5,0.0,2120.4,0.0,,0.0,0.0
2024-11-22,Swim,0.0,0.0,0.0,0.333333333333333,0.0,2120.4,0.0,,0.0,0.0
2024-11-23,Run,0.0,0.0,0.0,0.333333333333333,0.0,2120.4,0.0,,0.0,0.0
2024-11-24,Bike,0.0,0.0,0.0,0.5,0.0,2120.4,0.0,,0.0,0.0
2024-09-16,Running,1.0,0.016666666666666666,1.0,,,,,,1.0,1.0
