Date,TSB
2022-03-13,-1.128080488979134
2022-03-14,-1.9585662780826913
2022-03-15,-4.015689294817773
2022-03-16,-6.048322297095561
2022-03-17,-5.078604607548638
2022-03-18,-4.24184941208642
2022-03-19,-5.189549928575966
2022-03-20,-7.118283308905124
2022-03-21,-7.788275198345062
2022-03-22,-8.966144233859337
2022-03-23,-10.090019968439494
2022-03-24,-8.348004531081983
2022-03-25,-6.84727319259014
2022-03-26,-5.555484932680507
2022-03-27,-8.717848488503655
2022-03-28,-8.161486063314324
2022-03-29,-6.597673148781586
2022-03-30,-5.253269269479903
2022-03-31,-6.509175786533961
2022-04-01,-5.141516262761112
2022-04-02,-3.96771352904055
2022-04-03,-2.9616835380650333
2022-04-04,-2.10082113301298
2022-04-05,-1.3655367767635243
2022-04-06,-0.7388549563048614
2022-04-07,-0.20606605191959027
2022-04-08,0.24557544627936112
2022-04-09,-1.3379275377517956
2022-04-10,-0.7091032185567832
2022-04-11,-5.332096074585966
2022-04-12,-5.082797189704409
2022-04-13,-3.8442250435057375
2022-04-14,-2.783755711573991
2022-04-15,-1.8773686938808716
2022-04-16,-3.9233048563287047
2022-04-17,-14.053736209514668
2022-04-18,-25.34022166086022
2022-04-19,-23.33366602240845
2022-04-20,-19.057852102192165
2022-04-21,-19.061951188281373
2022-04-22,-15.32252705811116
2022-04-23,-20.891117181808934
2022-04-24,-32.05501491139937
2022-04-25,-28.970282371292182
2022-04-26,-23.405182497399856
2022-04-27,-18.62111888403574
2022-04-28,-16.641591108884416
2022-04-29,-12.78541468786321
2022-04-30,-19.174065016877375
2022-05-01,-18.9151114681167
2022-05-02,-16.632230008257245
2022-05-03,-14.583797086375263
2022-05-04,-21.389125901402004
2022-05-05,-16.480003238552342
2022-05-06,-12.272902966774804
2022-05-07,-15.333846735842588
2022-05-08,-11.216234270089082
2022-05-09,-10.827856023130067
2022-05-10,-7.33295033560659
2022-05-11,-15.169509455053397
2022-05-12,-10.937599801149048
2022-05-13,-7.321107540425263
2022-05-14,-4.236882210810702
2022-05-15,-10.322279471064927
2022-05-16,-7.536321812500077
2022-05-17,-4.349851044789784
2022-05-18,-9.590140122171036
2022-05-19,-10.662774176466446
2022-05-20,-7.219344498682688
2022-05-21,-12.758654248227835
2022-05-22,-8.630826885896585
2022-05-23,-5.109663515105542
2022-05-24,-7.537875295897422
2022-05-25,-13.60259318175654
2022-05-26,-14.265627884168207
2022-05-27,-21.978491352820704
2022-05-28,-28.3551670706579
2022-05-29,-30.028786970221475
2022-05-30,-22.844038397314016
2022-05-31,-20.53053036012509
2022-06-01,-18.24206660619154
2022-06-02,-17.04351863335905
2022-06-03,-13.530826429714697
2022-06-04,-19.368126356116925
2022-06-05,-24.65300253026097
2022-06-06,-17.866899921799185
2022-06-07,-16.63414752061981
2022-06-08,-10.971023643013147
2022-06-09,-13.210177649881182
2022-06-10,-14.576690443200107
2022-06-11,-21.70329356489544
2022-06-12,-33.60316526978979
2022-06-13,-25.040364484240733
2022-06-14,-24.874944714653687
2022-06-15,-17.49574363241169
2022-06-16,-11.194585679990233
2022-06-17,-5.825707634948678
2022-06-18,-1.262803563550193
2022-06-19,2.6035666209620203
2022-06-20,5.868223592593484
2022-06-21,2.3796325894166657
2022-06-22,3.5481644587419403
2022-06-23,-6.183796895333423
2022-06-24,-1.5876972959184954
2022-06-25,-1.5091170128696518
2022-06-26,-24.158005929103282
2022-06-27,-16.717170890912683
2022-06-28,-10.366279518797526
2022-06-29,-4.957897412476413
2022-06-30,-0.36427197694407454
2022-07-01,3.525288955505893
2022-07-02,6.806689509453761
2022-07-03,9.563015616226856
2022-07-04,11.866242604174435
2022-07-05,13.778715442576189
2022-07-06,15.354431904677456
2022-07-07,16.640154886322552
2022-07-08,17.676376623988116
2022-07-09,18.498154528300688
2022-07-10,4.052048859735439
2022-07-11,3.3576095403422705
2022-07-12,-1.3320512107891567
2022-07-13,2.330893058107435
2022-07-14,-2.3278688959847784
2022-07-15,-4.299515765709835
2022-07-16,-11.771011096513298
2022-07-17,-21.08142479695548
2022-07-18,-14.270235175011287
2022-07-19,-33.41280147158202
2022-07-20,-24.559170298510516
2022-07-21,-18.328614790214324
2022-07-22,-24.144891237465394
2022-07-23,-16.504098031916506
2022-07-24,-14.427859138934714
2022-07-25,-8.18192476676495
2022-07-26,-2.86922854438766
2022-07-27,1.6368585389054076
2022-07-28,5.4460520380492135
2022-07-29,8.653406932449514
2022-07-30,11.341270566890746
2022-07-31,13.58097558239579
2022-08-01,2.5875192050648295
2022-08-02,4.4455971351047125
2022-08-03,7.67934785086543
2022-08-04,10.392605953640931
2022-08-05,12.656778271451788
2022-08-06,14.533715978121414
2022-08-07,-51.727087186727545
2022-08-08,-39.849554720575476
2022-08-09,-29.67062622710528
2022-08-10,-20.96141676803982
2022-08-11,-13.523576062470283
2022-08-12,-7.185222119474943
2022-08-13,-1.7974162300944272
2022-08-14,2.7688927490777715
2022-08-15,6.625517294601899
2022-08-16,9.86932745443006
2022-08-17,12.584241373366538
2022-08-18,14.842950803647238
2022-08-19,16.708416880727544
2022-08-20,18.23516674779057
2022-08-21,16.705404793831
2022-08-22,18.12317836235402
2022-08-23,19.266533473664666
2022-08-24,20.174017229422546
2022-08-25,20.87899782848102
2022-08-26,21.410355109293054
2022-08-27,21.793079139604394
2022-08-28,22.048789094990113
2022-08-29,22.196183038154338
2022-08-30,22.251427798217726
2022-08-31,22.228496924583386
2022-09-01,19.269191989298726
2022-09-02,19.574112304401005
2022-09-03,17.839019617256373
2022-09-04,14.620323134686114
2022-09-05,15.475953790302828
2022-09-06,16.15175667303051
2022-09-07,16.67322192416042
2022-09-08,17.062409889296596
2022-09-09,17.338408558616216
2022-09-10,17.517730091519006
2022-09-11,17.346670414812305
2022-09-12,17.415523471109147
2022-09-13,16.77651781713932
2022-09-14,16.825805508271376
2022-09-15,16.814825885049473
2022-09-16,16.75286547131918
2022-09-17,16.647944818699653
2022-09-18,16.506987734977727
2022-09-19,13.701355377417125
2022-09-20,10.800574111764504
2022-09-21,11.428849684899657
2022-09-22,10.511156398370073
2022-09-23,11.115143742167124
2022-09-24,8.473191637828428
2022-09-25,3.495419644710873
2022-09-26,5.104149275986396
2022-09-27,6.449922606754363
2022-09-28,7.568893086252162
2022-09-29,8.492374326490697
2022-09-30,6.917303555465157
2022-10-01,7.892550451364773
2022-10-02,8.693358564961404
2022-10-03,9.343999195312136
2022-10-04,9.865487898862092
2022-10-05,10.276018481801238
2022-10-06,10.591339204775721
2022-10-07,10.510967266759398
2022-10-08,5.808113746720473
2022-10-09,6.72505233507867
2022-10-10,7.480160297717095
2022-10-11,8.095916490443603
2022-10-12,5.530023489429791
2022-10-13,6.40248299014317
2022-10-14,7.120950549810831
2022-10-15,7.706816405706708
2022-10-16,4.591176571075977
2022-10-17,5.526889947473775
2022-10-18,6.301643235605734
2022-10-19,6.937720115991274
2022-10-20,7.4544176706674845
2022-10-21,5.701271713831531
2022-10-22,6.36658125340921
2022-10-23,1.468658459184601
2022-10-24,2.759210428952798
2022-10-25,-0.11812031831271597
2022-10-26,0.3294620139675182
2022-10-27,1.7855972763755297
2022-10-28,-1.5949234542737685
2022-10-29,0.15604292904731842
2022-10-30,-2.1099705765742804
2022-10-31,-0.2738150754496118
2022-11-01,1.2813146270462514
2022-11-02,-1.1129302141699604
2022-11-03,0.5704915937400425
2022-11-04,-2.089257317569624
2022-11-05,-0.2511944722250128
2022-11-06,1.30547891143412
2022-11-07,2.619085541581189
2022-11-08,3.722826209067181
2022-11-09,4.645462105858384
2022-11-10,5.411906300563015
2022-11-11,4.3324268164881605
2022-11-12,5.116407048067623
2022-11-13,1.8911335550488015
2022-11-14,3.027948329530032
2022-11-15,3.980757307210869
2022-11-16,4.77482441095535
2022-11-17,2.4272584215655097
2022-11-18,3.437258073783754
2022-11-19,4.281438353225638
2022-11-20,3.795480040556612
2022-11-21,4.559368674586106
2022-11-22,5.191705869036212
2022-11-23,5.710706606335063
2022-11-24,6.132144521706836
2022-11-25,6.469677289373463
2022-11-26,6.735128683510801
2022-11-27,6.938733081722263
2022-11-28,7.089347410971083
2022-11-29,7.194634870304819
2022-11-30,7.26122418770524
2022-12-01,5.912602878864691
2022-12-02,6.1347452854341
2022-12-03,6.303569901094579
2022-12-04,6.426733199062648
2022-12-05,6.510859261563768
2022-12-06,6.561677523173643
2022-12-07,6.584142170199695
2022-12-08,6.582535638260374
2022-12-09,6.560558325110814
2022-12-10,6.521406353933424
2022-12-11,6.467838978000041
2022-12-12,6.402237005823684
2022-12-13,6.326653442323166
2022-12-14,6.242857382369733
2022-12-15,6.152372055117717
2022-12-16,2.5764420004189663
2022-12-17,1.6893341854157429
2022-12-18,2.265266801949532
2022-12-19,-1.1679884386567538
2022-12-20,-0.15684140923825662
2022-12-21,0.6995673213563505
2022-12-22,-3.294624439818616
2022-12-23,-1.9483805924220263
2022-12-24,-10.140883117945076
2022-12-25,-14.057910755453694
2022-12-26,-14.904235877264773
2022-12-27,-25.157659279926897
2022-12-28,-20.24766405998703
2022-12-29,-27.703196184344936
2022-12-30,-22.25222579469848
2022-12-31,-17.56838192408343
2023-01-01,-13.548567080167246
2023-01-02,-10.103431288936575
2023-01-03,-7.15554145589039
2023-01-04,-6.751508295086721
2023-01-05,-7.595882961630256
2023-01-06,-4.965597459387464
2023-01-07,-6.677408828006049
2023-01-08,-8.900534938122643
2023-01-09,-6.005616298674548
2023-01-10,-3.536310153382159
2023-01-11,-6.922724343469438
2023-01-12,-8.03972152978331
2023-01-13,-9.258722327078143
2023-01-14,-12.88613502176667
2023-01-15,-19.800361208862988
2023-01-16,-15.023990720209738
2023-01-17,-10.933823170676945
2023-01-18,-7.437324839880876
2023-01-19,-4.454308170371309
2023-01-20,-1.9152875645287217
2023-01-21,0.23994592333453468
2023-01-22,2.063560139821476
2023-01-23,3.6007528911917603
2023-01-24,4.890680406144067
2023-01-25,5.9672621856512436
2023-01-26,6.8598786957934905
2023-01-27,7.593976168877136
2023-01-28,8.19159087909389
2023-01-29,8.671803612746261
2023-01-30,9.051133625985258
2023-01-31,9.34388014590289
2023-02-01,9.562418398404484
2023-02-02,9.7174562166308
2023-02-03,9.81825647780289
2023-02-04,9.872829917748225
2023-02-05,9.88810226675364
2023-02-06,9.870059125398026
2023-02-07,9.823871543913517
2023-02-08,9.754004874104266
2023-02-09,9.664313120851602
2023-02-10,9.55812072376209
2023-02-11,9.43829344250984
2023-02-12,9.133263178534994
2023-02-13,9.020490607514855
2023-02-14,8.896777261263232
2023-02-15,8.764190236055319
2023-02-16,8.62450708470305
2023-02-17,8.479254699226562
2023-02-18,8.329743009429345
2023-02-19,8.177094187681925
2023-02-20,8.022267958319862
2023-02-21,7.866083530396335
2023-02-22,7.709238603469707
2023-02-23,7.552325836239951
2023-02-24,7.3958471159509145
2023-02-25,7.240225921487342
2023-02-26,7.0858180340964045
2023-02-27,6.932920815856109
2023-02-28,6.781781246706176
2023-03-01,6.632602885451628
2023-03-02,6.485551898126125
2023-03-03,6.340762278010696
2023-03-04,6.198340365053715
2023-03-05,6.0583687580913885
2023-03-06,5.920909700831345
2023-03-07,5.78600801178096
2023-03-08,5.653693618956262
2023-03-09,5.523983752105795
2023-03-10,5.396884838160777
2023-03-11,5.2723941395349465
2023-03-12,5.150501169619974
2023-03-13,5.03118891524748
2023-03-14,2.1426654873849036
2023-03-15,1.71606822525552
2023-03-16,2.096159723660874
2023-03-17,-1.1161104044256964
2023-03-18,-0.30429737818311864
2023-03-19,-3.096735290072213
2023-03-20,-1.970207642426625
2023-03-21,-5.499996066797829
2023-03-22,-8.101372236798431
2023-03-23,-7.828516208845571
2023-03-24,-5.902281387088953
2023-03-25,-12.595873487556718
2023-03-26,-12.920471181067052
2023-03-27,-10.114120727125211
2023-03-28,-12.983762417160566
2023-03-29,-13.684522698558798
2023-03-30,-10.645668784528345
2023-03-31,-8.039990772756717
2023-04-01,-8.78739684254286
2023-04-02,-6.414291825583453
2023-04-03,-4.385411347179698
2023-04-04,-2.6542653845565507
2023-04-05,-1.1805684373090486
2023-04-06,0.0705868004034862
2023-04-07,-1.3624801699500662
2023-04-08,-5.780278331783043
2023-04-09,-7.951915313392739
2023-04-10,-9.121103072851701
2023-04-11,-6.575304575266385
2023-04-12,-4.399737907274677
2023-04-13,-2.5443798931012083
2023-04-14,-0.9658838907822691
2023-04-15,-9.025651035374047
2023-04-16,-6.42086659567884
2023-04-17,-4.195853126805556
2023-04-18,-5.149983663923514
2023-04-19,-5.391108317621322
2023-04-20,-5.17364163011168
2023-04-21,-3.0777372715796645
2023-04-22,-8.36738569492146
2023-04-23,-10.525484314304288
2023-04-24,-8.429393918596812
2023-04-25,-7.848814478997594
2023-04-26,-5.22242161137118
2023-04-27,-7.245399138160346
2023-04-28,-4.672590611600356
2023-04-29,-8.41186557716149
2023-04-30,-11.880340161316568
2023-05-01,-8.517790284150013
2023-05-02,-8.471184080978023
2023-05-03,-5.578790144359845
2023-05-04,-8.28931294593724
2023-05-05,-5.381402732815413
2023-05-06,-10.110136874828548
2023-05-07,-14.230721435697031
2023-05-08,-10.317602201737163
2023-05-09,-9.206156123977024
2023-05-10,-8.51135161031424
2023-05-11,-5.388450319808555
2023-05-12,-6.629454762819734
2023-05-13,-10.968554008368955
2023-05-14,-16.679413623882862
2023-05-15,-12.17832653546974
2023-05-16,-8.330094367723444
2023-05-17,-5.046545155410616
2023-05-18,-2.6911570711384876
2023-05-19,-1.7942518353360803
2023-05-20,-5.837972885662968
2023-05-21,-7.891824225637851
2023-05-22,-4.602698463417731
2023-05-23,-1.8040973258246886
2023-05-24,0.5705180750765564
2023-05-25,-1.9429445005463961
2023-05-26,-0.9327212646440586
2023-05-27,-4.94078351434689
2023-05-28,-10.22415352033099
2023-05-29,-6.502186891366588
2023-05-30,-7.57740098109419
2023-05-31,-4.217660017521634
2023-06-01,-1.3604903962201078
2023-06-02,1.0623127174570826
2023-06-03,3.109843965644064
2023-06-04,4.833301286399754
2023-06-05,6.277037843064239
2023-06-06,3.9986666169364966
2023-06-07,3.922148037624
2023-06-08,1.822163398870611
2023-06-09,-1.380039051952064
2023-06-10,-8.810264377562582
2023-06-11,-14.75308028338258
2023-06-12,-10.274526988708818
2023-06-13,-8.868902214905198
2023-06-14,-6.92976078184353
2023-06-15,-4.2143219663086775
2023-06-16,-2.1123222866930895
2023-06-17,-4.424815366636224
2023-06-18,-8.418458599017402
2023-06-19,-4.770677818266492
2023-06-20,-1.6679556273442877
2023-06-21,-0.6109734229725738
2023-06-22,-0.0994235253650011
2023-06-23,2.2936250935544322
2023-06-24,-3.2136696260275883
2023-06-25,-15.859095212643272
2023-06-26,-10.994094390608264
2023-06-27,-12.760636947382793
2023-06-28,-11.303454536547601
2023-06-29,-7.028020719821228
2023-06-30,-10.836338487396631
2023-07-01,-9.067799771462699
2023-07-02,-26.44610658469016
2023-07-03,-19.67881082494751
2023-07-04,-16.543831663064907
2023-07-05,-14.890916347294496
2023-07-06,-9.737458716461258
2023-07-07,-5.986032498282665
2023-07-08,-4.524346219163991
2023-07-09,-0.8989275222724942
2023-07-10,-18.60937140938538
2023-07-11,-12.760541246495897
2023-07-12,-13.14957960392032
2023-07-13,-9.363535502692642
2023-07-14,-4.823628143460326
2023-07-15,-5.847406291870129
2023-07-16,-1.8138658664813185
2023-07-17,1.6061336693106405
2023-07-18,-0.6624984645777268
2023-07-19,2.5777895375132616
2023-07-20,5.312560120840708
2023-07-21,6.327492641591991
2023-07-22,6.224121215431033
2023-07-23,-5.769498439795079
2023-07-24,-1.7911488031048854
2023-07-25,-3.586656808445756
2023-07-26,0.07343077810066845
2023-07-27,3.1713980362449057
2023-07-28,5.783837446722796
2023-07-29,7.47468486293516
2023-07-30,9.384963574456023
2023-07-31,10.972584587584217
2023-08-01,8.288069435035592
2023-08-02,5.681359627259713
2023-08-03,7.759429689124069
2023-08-04,9.494174411158852
2023-08-05,9.091937030438253
2023-08-06,10.563903248871886
2023-08-07,11.776808144481006
2023-08-08,10.51362955424855
2023-08-09,11.664435642904843
2023-08-10,12.602037338025095
2023-08-11,7.661841515356265
2023-08-12,9.150445282024053
2023-08-13,3.5505382084850865
2023-08-14,5.630520928046771
2023-08-15,7.373552716936729
2023-08-16,8.825902283876063
2023-08-17,10.027645702206682
2023-08-18,11.013491568781319
2023-08-19,11.813496297563775
2023-08-20,-38.997270280669056
2023-08-21,-30.434556311105972
2023-08-22,-23.091050175212285
2023-08-23,-16.802582067569695
2023-08-24,-11.706790972207301
2023-08-25,-8.259267582322384
2023-08-26,-10.725268655078967
2023-08-27,-7.091953092767689
2023-08-28,-3.0886682920896966
2023-08-29,0.30971326805149246
2023-08-30,3.1854110880690953
2023-08-31,-10.940508631725436
2023-09-01,-6.313406111560095
2023-09-02,-2.376873926771239
2023-09-03,0.9627733254038588
2023-09-04,3.786708152563339
2023-09-05,6.165256881687789
2023-09-06,8.159344474284726
2023-09-07,9.821746982382852
2023-09-08,5.7880902277836555
2023-09-09,7.765631425730103
2023-09-10,9.415260876936438
2023-09-11,6.0815982494325524
2023-09-12,7.941219260175323
2023-09-13,5.605311629651283
2023-09-14,6.943743762140816
2023-09-15,1.4840108186390424
2023-09-16,3.980619016148882
2023-09-17,0.742221724378318
2023-09-18,-5.091044044120956
2023-09-19,-1.5838915015919568
2023-09-20,-1.2984760272940292
2023-09-21,0.8836711664231842
2023-09-22,-5.869252229129572
2023-09-23,-3.064577021049942
2023-09-24,0.16571798377561464
2023-09-25,2.8995846196907173
2023-09-26,2.1102249913772475
2023-09-27,2.398021224468849
2023-09-28,-2.370642744683341
2023-09-29,-1.277395494161496
2023-09-30,-7.176093359726703
2023-10-01,-3.304424183071472
2023-10-02,-0.016777066045428057
2023-10-03,2.7662086845007146
2023-10-04,3.4123019357542113
2023-10-05,3.635611847288878
2023-10-06,5.827149961122899
2023-10-07,4.0701117320641345
2023-10-08,-0.00959400767931129
2023-10-09,2.7105802769118554
2023-10-10,0.2948921220970391
2023-10-11,2.958908665474084
2023-10-12,3.1661320009069023
2023-10-13,3.760285926967459
2023-10-14,-0.2883544536700917
2023-10-15,-3.5682859239284213
2023-10-16,-1.5646320516342769
2023-10-17,1.3708733995574143
2023-10-18,3.851431351970774
2023-10-19,4.249466139787529
2023-10-20,2.1423993199397167
2023-10-21,4.472430519663934
2023-10-22,0.584662884731113
2023-10-23,3.137995578173328
2023-10-24,3.866961163249563
2023-10-25,0.38378599964708116
2023-10-26,-1.1294948106591463
2023-10-27,1.6673875840949002
2023-10-28,-1.6621416682716017
2023-10-29,-3.8884802799156226
2023-10-30,-1.9979515949369393
2023-10-31,0.7118500860723493
2023-11-01,3.2422434642447726
2023-11-02,5.374020060109512
2023-11-03,7.1616978149919674
2023-11-04,8.652502935126334
2023-11-05,9.887341387231153
2023-11-06,10.901641047625283
2023-11-07,11.726081724201977
2023-11-08,12.387227978296577
2023-11-09,10.821755972569123
2023-11-10,11.549039004287128
2023-11-11,10.548501192636113
2023-11-12,5.658593174764359
2023-11-13,5.5216135521672065
2023-11-14,5.622691856125604
2023-11-15,3.8953074619192414
2023-11-16,5.551884717691156
2023-11-17,4.334459990377205
2023-11-18,0.5271354725310289
2023-11-19,2.668172220315924
2023-11-20,4.472163614730702
2023-11-21,4.637969424716662
2023-11-22,1.0343712345850484
2023-11-23,2.3808187550455706
2023-11-24,0.18373527189317684
2023-11-25,2.3293266105947303
2023-11-26,2.4031393543483937
2023-11-27,4.193188867747848
2023-11-28,1.8480108331935945
2023-11-29,1.9037177882696525
2023-11-30,-9.367060526844238
2023-12-01,-5.765615881047513
2023-12-02,-3.868166839320498
2023-12-03,-9.219838804420448
2023-12-04,-6.062220570334819
2023-12-05,-2.8900893861822183
2023-12-06,-6.268146922518344
2023-12-07,-3.0357174155525435
2023-12-08,-0.2900166235522974
2023-12-09,2.0350772911224375
2023-12-10,3.996852654639012
2023-12-11,5.644940952165218
2023-12-12,7.022336840207405
2023-12-13,8.166282355880353
2023-12-14,9.1090334018958
2023-12-15,6.9097862097950085
2023-12-16,3.878203305725677
2023-12-17,1.0225287768179534
2023-12-18,-2.432602689917953
2023-12-19,0.07936722190550327
2023-12-20,-3.0541108895460773
2023-12-21,-0.43741080181545655
2023-12-22,1.7789480331756984
2023-12-23,1.2120136622236863
2023-12-24,-2.5168356352161396
2023-12-25,0.017267884936952527
2023-12-26,2.162286118320498
2023-12-27,3.9712322728631513
2023-12-28,0.9707848448728775
2023-12-29,2.9471691376820974
2023-12-30,4.610911381018624
2023-12-31,6.004796771929387
2024-01-01,7.165887426844243
2024-01-02,8.126284895359294
2024-01-03,3.1291109737903486
2024-01-04,4.673973941778849
2024-01-05,5.967032677965548
2024-01-06,7.0428936946468035
2024-01-07,-4.020395633070326
2024-01-08,-7.5250722419568135
2024-01-09,-4.3638238644879195
2024-01-10,-1.6742167844387517
2024-01-11,0.6077303347873837
2024-01-12,2.5374533728070663
2024-01-13,4.1629810032201675
2024-01-14,-1.7754853361988552
2024-01-15,0.5046792384042753
2024-01-16,-4.181068310017547
2024-01-17,-7.029915535645255
2024-01-18,-3.9095662714137767
2024-01-19,-1.256002340975133
2024-01-20,0.9941250052435109
2024-01-21,-2.996420359097293
2024-01-22,-1.6249027938744192
2024-01-23,-17.11509793640237
2024-01-24,-16.772200405388542
2024-01-25,-17.35572448411587
2024-01-26,-13.324829497674468
2024-01-27,-9.008320281480835
2024-01-28,-5.326258807983454
2024-01-29,-2.1927784805335726
2024-01-30,0.46652343783196315
2024-01-31,-8.074965275162334
2024-02-01,-4.488809492700334
2024-02-02,-1.439134587257211
2024-02-03,1.146867055888336
2024-02-04,3.332278040901553
2024-02-05,5.171751344785184
2024-02-06,6.7126332385084915
2024-02-07,7.99593670483668
2024-02-08,9.057185255469927
2024-02-09,9.927144400614305
2024-02-10,10.632455727325507
2024-02-11,11.196186551937366
2024-02-12,11.638306385908551
2024-02-13,4.886683059507275
2024-02-14,-0.07854114107587762
2024-02-15,2.042942886926692
2024-02-16,-5.795605375048968
2024-02-17,-2.784693648545055
2024-02-18,-0.22728985064622265
2024-02-19,1.938217630730172
2024-02-20,-4.888740718924026
2024-02-21,-7.376861399761374
2024-02-22,-4.081417227956628
2024-02-23,-13.239523122877184
2024-02-24,-8.989801651865402
2024-02-25,-5.364332787023677
2024-02-26,-2.2786378155895477
2024-02-27,-6.767095137193461
2024-02-28,-16.784937185358206
2024-02-29,-16.551003205800892
2024-03-01,-15.071729291018844
2024-03-02,-19.85789686837478
2024-03-03,-19.360417725860355
2024-03-04,-13.823278730078648
2024-03-05,-18.3720934760264
2024-03-06,-18.293348834103195
2024-03-07,-26.61274741348017
2024-03-08,-19.72075079669078
2024-03-09,-13.825033489984314
2024-03-10,-8.791114615241494
2024-03-11,-4.502459294749293
2024-03-12,-4.5443045553153745
2024-03-13,-0.8792764726918705
2024-03-14,-7.109426828998664
2024-03-15,-9.03617446844094
2024-03-16,-4.628237989818107
2024-03-17,-0.882504033844782
2024-03-18,2.2909554310392473
2024-03-19,-7.29871768806473
2024-03-20,-5.23669023921606
2024-03-21,-3.9929878024302816
2024-03-22,-4.417877275277398
2024-03-23,-0.6432423703179992
2024-03-24,-12.248726328320704
2024-03-25,-7.2315335527465905
2024-03-26,-7.46410192711657
2024-03-27,-3.1354076711667105
2024-03-28,0.5385734401768403
2024-03-29,3.64684442192177
2024-03-30,6.266516582202321
2024-03-31,8.464393593310529
2024-04-01,10.298344663818042
2024-04-02,3.2447713656837536
2024-04-03,5.837610922333127
2024-04-04,2.776440460449521
2024-04-05,5.414196967975617
2024-04-06,-11.97647454238048
2024-04-07,-7.053322008623564
2024-04-08,-2.8638713786166115
2024-04-09,0.691392058785933
2024-04-10,3.698692050041217
2024-04-11,-4.192579876439549
2024-04-12,-3.534782110606937
2024-04-13,-12.415881680509038
2024-04-14,-7.344869020368403
2024-04-15,-3.0293443299210203
2024-04-16,-4.562959594927623
2024-04-17,-13.132983369123373
2024-04-18,-7.86396287770701
2024-04-19,-5.863090006316156
2024-04-20,-1.6671359735196738
2024-04-21,-9.75815687405494
2024-04-22,-4.928453294820756
2024-04-23,-5.810967750725833
2024-04-24,-1.5535924832380417
2024-04-25,-10.042487008056483
2024-04-26,-5.0991756762043465
2024-04-27,-0.89878164895336
2024-04-28,-25.313022640500392
2024-04-29,-17.927334692905696
2024-04-30,-11.619333924539617
2024-05-01,-6.243333190529611
2024-05-02,-1.673091832010968
2024-05-03,-23.62682397524828
2024-05-04,-16.308656256031853
2024-05-05,-10.062880052080558
2024-05-06,-8.022460267630066
2024-05-07,-2.9921207885491583
2024-05-08,1.2753413871717285
2024-05-09,4.883675584737055
2024-05-10,4.684822136878584
2024-05-11,7.739768870742232
2024-05-12,10.30148342350234
2024-05-13,7.805528201980952
2024-05-14,6.71471666424371
2024-05-15,4.589551157462871
2024-05-16,7.54276149944123
2024-05-17,10.018975110084241
2024-05-18,12.083663860864448
2024-05-19,-16.6481244158739
2024-05-20,-10.475252021116113
2024-05-21,-9.040842390385968
2024-05-22,-3.974699700006319
2024-05-23,-2.4171498243070673
2024-05-24,-7.941316181353166
2024-05-25,-2.999077398057487
2024-05-26,-16.224513824093357
2024-05-27,-9.950441876345955
2024-05-28,-8.553937608717277
2024-05-29,-3.3994810114642675
2024-05-30,-2.703419647105733
2024-05-31,1.5719906542264894
2024-06-01,5.186123648282116
2024-06-02,7.500410058150887
2024-06-03,-15.313663218261787
2024-06-04,-9.099045234150175
2024-06-05,-3.809985213639493
2024-06-06,0.6790408368994463
2024-06-07,4.062780134613266
2024-06-08,7.328340788578522
2024-06-09,6.512405650765032
2024-06-10,9.358552886198794
2024-06-11,11.7384522236528
2024-06-12,13.716227061885423
2024-06-13,15.347416195704554
2024-06-14,16.680117754361774
2024-06-15,17.75598082969238
2024-06-16,18.611065070492128
2024-06-17,19.276585820357596
2024-06-18,14.319708709912753
2024-06-19,15.538802838975256
2024-06-20,16.52207405771577
2024-06-21,17.30264575092965
2024-06-22,17.909191141498127
2024-06-23,-8.690025247633649
2024-06-24,-5.022543030896166
2024-06-25,-3.8701388072222755
2024-06-26,-0.014206645300451015
2024-06-27,3.2498139593648645
2024-06-28,6.002568883498881
2024-06-29,8.313924742852961
2024-06-30,8.254520618922616
2024-07-01,10.168266066817779
2024-07-02,11.756368197047609
2024-07-03,4.7362372551475005
2024-07-04,2.577978565830115
2024-07-05,4.063001832180294
2024-07-06,6.515916002187442
2024-07-07,-23.382890946552273
2024-07-08,-16.66370095691439
2024-07-09,-10.923836405495138
2024-07-10,-11.792402784775184
2024-07-11,-6.729221119211488
2024-07-12,-2.4222535170475794
2024-07-13,1.2311026813490145
2024-07-14,-2.7810419614035595
2024-07-15,0.9322494445731593
2024-07-16,4.072562824559885
2024-07-17,6.718024880379751
2024-07-18,8.936318380230372
2024-07-19,10.786073501556132
2024-07-20,-10.95690674688543
2024-07-21,-6.906795883299512
2024-07-22,-2.6026650732768317
2024-07-23,1.0488549063938812
2024-07-24,4.136514678437241
2024-07-25,6.737206111320571
2024-07-26,8.917542018771766
2024-07-27,10.735225541974955
2024-07-28,12.240237212901828
2024-07-29,-12.444435417348025
2024-07-30,-9.78485139670802
2024-07-31,-5.09834582232644
2024-08-01,-1.1153357748382362
2024-08-02,2.259702826523853
2024-08-03,0.3377607323363101
2024-08-04,3.481586848765115
2024-08-05,-22.390150290624533
2024-08-06,-15.697950237798565
2024-08-07,-9.983957039643897
2024-08-08,-10.978282463798763
2024-08-09,-5.923187884250531
2024-08-10,-1.6255904603243039
2024-08-11,2.0173387944130425
2024-08-12,5.09469324913589
2024-08-13,7.683660271258365
2024-08-14,9.851107253763733
2024-08-15,11.654956481943042
2024-08-16,13.145376950279601
2024-08-17,14.365817498041684
2024-08-18,-56.0950292229633
2024-08-19,-44.11421928148627
2024-08-20,-33.83451077255021
2024-08-21,-25.02695100911354
2024-08-22,-17.493124751984823
2024-08-23,-13.85460416157541
2024-08-24,-7.937751893157049
2024-08-25,-2.9043824408490764
2024-08-26,1.3653697431797056
2024-08-27,0.022922876485189647
2024-08-28,3.838931872731358
2024-08-29,1.2615142408778723
2024-08-30,4.871401523717722
2024-08-31,7.911847233352834
2024-09-01,10.46074796084877
2024-09-02,12.585581333931053
2024-09-03,14.344794168990642
2024-09-04,13.234762322106885
2024-09-05,14.80793102125496
2024-09-06,16.09320908457162
2024-09-07,17.130767316999712
2024-09-08,17.955385463614114
2024-09-09,18.59717090085551
2024-09-10,15.43938318067196
2024-09-11,16.36081374751783
2024-09-12,17.089543548671763
2024-09-13,17.652873190637358
2024-09-14,18.074430194102888
2024-09-15,18.374658875073067
2024-09-16,18.571244990532378
2024-09-17,18.679483833427483
2024-09-18,18.712599305607306
2024-09-19,18.682020495119495
2024-09-20,18.597621415442767
2024-09-21,18.46792881107475
2024-09-22,18.30030228099745
2024-09-23,16.091203632452544
2024-09-24,16.180728892868068
2024-09-25,16.20583010599357
2024-09-26,15.221728288811192
2024-09-27,15.295618155262186
2024-09-28,15.31025658254282
2024-09-29,15.274693899810782
2024-09-30,15.196748282131121
2024-10-01,15.08317042104019
2024-10-02,14.939786258674896
2024-10-03,14.771620706047813
2024-10-04,12.934843516286156
2024-10-05,12.987692832201262
2024-10-06,12.991749559703853
2024-10-07,9.109716020764647
2024-10-08,9.63988820828321
2024-10-09,10.058475811183948
2024-10-10,10.381298028084462
2024-10-11,10.622045471968296
2024-10-12,10.79256406608404
2024-10-13,10.90310113445943
2024-10-14,10.96251872005832
2024-10-15,10.978478493594316
2024-10-16,10.957602035194386
2024-10-17,10.905609767605712
2024-10-18,10.827441383165988
2024-10-19,10.72736022838871
2024-10-20,10.609043782015789
2024-10-21,10.475662078054576
2024-10-22,10.329945678832699
2024-10-23,10.17424458943294
2024-10-24,10.010579319643671
2024-10-25,9.840685138991635
2024-10-26,9.666050431230435
2024-10-27,9.487949933994532
2024-10-28,9.307473544728133
2024-10-29,9.125551283322634
2024-10-30,8.942974923291667
2024-10-31,8.760416735172253
2024-11-01,8.578445726771214
2024-11-02,8.397541713670156
2024-11-03,0.15821693132655668
2024-11-04,1.2431740979808943
2024-11-05,-1.4368138539874629
2024-11-06,-5.162683939900294
2024-11-07,-7.637458741107663
2024-11-08,-9.62841325269955
2024-11-09,-9.089576919924717
2024-11-10,-11.977294028194285
2024-11-11,-8.892473944333839
2024-11-12,-13.43045065648869
2024-11-13,-17.63413726446175
2024-11-14,-17.150227885452658
2024-11-15,-20.112802591350004
2024-11-16,-22.72241785247274
2024-11-17,-24.26503746935112
2024-11-18,-18.90478896685588
2024-11-19,-21.916636017788573
2024-11-20,-25.369484125497838
2024-11-21,-24.02572802265214
2024-11-22,-25.72259264045881
2024-11-23,-27.463832477030888
2024-11-24,-29.223242809616444
2024-11-25,-22.56112968149352
2024-11-26,-26.420538750257208
2024-11-27,-27.715855704770664
2024-11-28,-27.57499147219319
2024-11-29,-24.431852833160306
2024-11-30,-26.888914202091705
2024-12-01,-28.15760114573594
2024-12-02,-21.08355027238013
2024-12-03,-22.206531885476668
2024-12-04,-18.029891636200595
2024-12-05,-16.711930846786085
2024-12-06,-17.225258444807
2024-12-07,-17.022868638080745
2024-12-08,-15.998645143977757
2024-12-09,-10.389429642111445
2024-12-10,-11.06050761922313
2024-12-11,-15.134006396678082
2024-12-12,-13.856331452777603
2024-12-13,-14.517889058577616
2024-12-14,-16.944029051545265
2024-12-15,-19.719879309705945
2024-12-16,-13.221091952816217
2024-12-17,-14.907545851266178
2024-12-18,-18.158081699385953
2024-12-19,-16.432388347780915
2024-12-20,-13.536869180590543
2024-12-21,-16.16766932980395
2024-12-22,-20.908138059976103
2024-12-23,-13.871960425439148
2024-12-24,-18.344611920611634
2024-12-25,-16.669617673760953
2024-12-26,-15.562735695403042
2024-12-27,-14.538931289191538
2024-12-28,-21.413235102628256
2024-12-29,-22.82277220822683
2024-12-30,-15.106709033699659
2024-12-31,-13.938903437734922
2025-01-01,-11.453660666613672
2025-01-02,-8.519266257045473
2025-01-03,-7.238884029529935
2025-01-04,-6.734022173123421
2025-01-05,-10.07730669995528
2025-01-06,-4.089043954368535
2025-01-07,-5.159990289537639
2025-01-08,-3.1926794007440904
2025-01-09,-4.976273334073596
2025-01-10,-5.208262183744132
2025-01-11,-8.463937977289504
2025-01-12,-20.159447224163436
2025-01-13,-12.462870703592948
2025-01-14,-10.653551453259318
2025-01-15,-13.202384499276796
2025-01-16,-13.073951369084547
2025-01-17,-13.991004150744182
2025-01-18,-12.630868096179547
2025-01-19,-26.660476180346855
2025-01-20,-17.644280255288173
2025-01-21,-19.708548094178838
2025-01-22,-13.839288065898884
2025-01-23,-18.21208613790281
2025-01-24,-14.668853144795904
2025-01-25,-10.661566153212704
2025-01-26,-30.084983226972284
2025-01-27,-20.152110597869566
2025-01-28,-16.07436047968973
2025-01-29,-13.354974587847245
2025-01-30,-7.954571341991183
2025-01-31,-4.833401171995575
2025-02-01,-2.622439096629357
2025-02-02,-12.038792436104359
2025-02-03,-4.6350692267769915
2025-02-04,-2.88249327642437
2025-02-05,-3.392831347926979
2025-02-06,-6.771703418128098
2025-02-07,-7.182597912411232
2025-02-08,-4.612958221607705
2025-02-09,-23.461167217790134
2025-02-10,-14.138089016738839
2025-02-11,-11.378057671306465
2025-02-12,-8.29515794144941
2025-02-13,-11.043341804579036
2025-02-14,-10.547541837235265
2025-02-15,-7.19986238422748
2025-02-16,-29.7747366376164
2025-02-17,-19.193073258553845
2025-02-18,-15.279949838567937
2025-02-19,-11.929765020268647
2025-02-20,-14.869542284722762
2025-02-21,-14.818230335855738
2025-02-22,-10.356252667508215
2025-02-23,-33.16208667423015
2025-02-24,-21.68577152088531
2025-02-25,-22.11058618500678
2025-02-26,-15.617771629731344
2025-02-27,-11.042100418002882
2025-02-28,-9.250999537703812
2025-03-01,-6.6111602616313405
2025-03-02,-10.964702704234583
2025-03-03,-6.1137629675915335
