Date,Title,WorkoutType,HeartRateAverage,TimeTotalInHours,DistanceInMeters,PlannedDuration,PlannedDistanceInMeters,rTSS Calculated,cTSS Calculated,sTSS Calculated,TOTAL TSS,EstimatedCalories,RunningCalories,CyclingCalories,SwimmingCalories,TotalPassiveCalories,TotalActiveCalories,TotalCalories
2022-03-13,Running,Run,147.0,0.227821677923203,2190.78002929688,0.0,0.0,10.293288706112888,0.0,0.0,10.293288706112888,69.59021759033203,10.518689188728498,0.0,0.0,1743.75,10.518689188728498,1754.2686891887286
2022-03-14,Running,Run,126.0,0.317826956510544,2363.75,0.0,0.0,9.190302596018299,0.0,0.0,9.190302596018299,58.745880126953125,8.04990008410362,0.0,0.0,1743.75,8.04990008410362,1751.7999000841037
2022-03-15,Running,Run,162.0,0.366062223911285,3018.330078125,0.0,0.0,21.60219667094804,0.0,0.0,21.60219667094804,68.82329559326172,24.32781272640655,0.0,0.0,1743.75,24.32781272640655,1768.0778127264066
2022-03-16,Running,Run,151.0,0.500625550746918,3558.080078125,0.0,0.0,24.375106215794546,0.0,0.0,24.375106215794546,76.68180084228516,25.586659983211515,0.0,0.0,1743.75,25.586659983211515,1769.3366599832116
2022-03-19,RunningRunning,RunRun,299.0,0.2951336205005645,2594.700012207036,0.0,0.0,15.231561976702562,0.0,0.0,15.231561976702562,158.0865936279297,16.48253962555675,0.0,0.0,3487.5,16.48253962555675,3503.982539625557
2022-03-20,Running,Run,146.0,0.578884124755859,4130.2900390625,0.0,0.0,25.658946902640686,0.0,0.0,25.658946902640686,71.1600570678711,26.042448715923115,0.0,0.0,1743.75,26.042448715923115,1769.792448715923
2022-03-21,Running,Run,151.0,0.350767493247986,2774.93994140625,0.0,0.0,17.078622719538238,0.0,0.0,17.078622719538238,76.68180084228516,17.927508033717583,0.0,0.0,1743.75,17.927508033717583,1761.6775080337177
2022-03-22,Running,Run,151.0,0.469793319702148,3480.34008789063,0.0,0.0,22.87390655575939,0.0,0.0,22.87390655575939,76.68180084228516,24.010843864578856,0.0,0.0,1743.75,24.010843864578856,1767.7608438645789
2022-03-23,Running,Run,161.0,0.418511390686035,3420.7900390625,0.0,0.0,24.287438577303224,0.0,0.0,24.287438577303224,68.82329559326172,27.183021278733534,0.0,0.0,1743.75,27.183021278733534,1770.9330212787336
2022-03-27,Running,Run,153.0,0.772226691246033,5571.39990234375,0.0,0.0,38.9916196824358,0.0,0.0,38.9916196824358,76.68180084228516,41.47179569977529,0.0,0.0,1743.75,41.47179569977529,1785.2217956997754
2022-03-28,Running,Run,148.0,0.211498886346817,1616.08996582031,0.0,0.0,9.738685145794012,0.0,0.0,9.738685145794012,76.02242279052734,10.019641303979935,0.0,0.0,1743.75,10.019641303979935,1753.7696413039798
2022-03-31,Running,Run,164.0,0.36057722568512,3321.13989257813,0.0,0.0,21.99370846430159,0.0,0.0,21.99370846430159,68.82329559326172,25.07450947615892,0.0,0.0,1743.75,25.07450947615892,1768.824509476159
2022-04-09,Running,Run,139.0,0.465009152889252,3219.0,0.0,0.0,17.930214273075492,0.0,0.0,17.930214273075492,71.76935577392578,17.32568497711153,0.0,0.0,1743.75,17.32568497711153,1761.0756849771115
2022-04-11,Running,Run,165.0,0.759036660194397,6437.0,0.0,0.0,47.0601692456022,0.0,0.0,47.0601692456022,96.32412719726562,53.9793390721193,0.0,0.0,1743.75,53.9793390721193,1797.7293390721193
2022-04-12,Running,Run,153.0,0.182813063263893,1615.61999511719,0.0,0.0,9.230679950035212,0.0,0.0,9.230679950035212,91.84136199951172,9.817824347274156,0.0,0.0,1743.75,9.817824347274156,1753.5678243472742
2022-04-16,RunningLap Swimming,RunSwim,314.0,0.4184252931012043,3518.0,0.0,0.0,19.95155796177617,0.0,5.771217635576225,25.722775597352395,158.32630920410156,22.33021085746238,0.0,6.138312813647287,3487.5,28.468523671109665,3515.9685236711093
2022-04-17,Indoor CyclingLap Swimming,BikeSwim,261.0,0.6499841965569391,1700.0,0.0,0.0,0.0,17.91003908471034,84.55862104931572,102.46866013402607,114.78953170776367,0.0,17.80420986523169,69.36334573388429,3487.5,87.16755559911599,3574.667555599116
2022-04-18,RunningLap Swimming,RunSwim,295.0,1.398189714749652,10756.0,0.0,0.0,69.19714185906736,0.0,58.412347619250504,127.60948947831787,156.5262222290039,76.48484918729031,0.0,55.22474296988578,3487.5,131.70959215717608,3619.2095921571763
2022-04-19,Running,Run,156.0,0.429038047790527,3219.0,0.0,0.0,22.84999031112228,0.0,0.0,22.84999031112228,68.82329559326172,24.77996863771342,0.0,0.0,1743.75,24.77996863771342,1768.5299686377134
2022-04-21,Running,Run,156.0,0.631026923656464,4828.0,0.0,0.0,33.60764660818006,0.0,0.0,33.60764660818006,68.82329559326172,36.446248667890785,0.0,0.0,1743.75,36.446248667890785,1780.1962486678908
2022-04-23,RunningRunning,RunRun,310.0,1.5313235670328131,11527.33996582031,0.0,0.0,80.13170122577142,0.0,0.0,80.13170122577142,154.9160919189453,86.3428132776821,0.0,0.0,3487.5,86.3428132776821,3573.842813277682
2022-04-24,CyclingLap Swimming,BikeSwim,275.0,0.635227485630248,7789.39990234375,0.0,0.0,0.0,13.038689853834075,126.54548594043638,139.58417579427046,139.44554901123047,0.0,11.783313736520194,127.55714606439538,3487.5,139.34045980091557,3626.8404598009156
2022-04-25,Running,Run,159.0,0.465706378221512,4023.0,0.0,0.0,26.12548846994445,0.0,0.0,26.12548846994445,68.82329559326172,28.876973699834327,0.0,0.0,1743.75,28.876973699834327,1772.6269736998343
2022-04-28,Running,Run,158.0,0.352188050746918,3218.0,0.0,0.0,19.42097839293981,0.0,0.0,19.42097839293981,68.82329559326172,21.331349225474384,0.0,0.0,1743.75,21.331349225474384,1765.0813492254745
2022-04-30,Running,Run,165.0,1.42651426792145,10460.990234375,0.0,0.0,88.44368974544203,0.0,0.0,88.44368974544203,96.32412719726562,101.44740221062172,0.0,0.0,1743.75,101.44740221062172,1845.1974022106217
2022-05-01,Cycling,Bike,121.0,1.31678199768066,20666.900390625,0.0,0.0,0.0,37.28409730446125,0.0,37.28409730446125,61.946197509765625,0.0,31.36166683239354,0.0,1743.75,31.36166683239354,1775.1116668323934
2022-05-02,Running,Run,163.0,0.316573321819305,3219.0,0.0,0.0,18.994399309158297,0.0,0.0,18.994399309158297,68.82329559326172,21.523024590843256,0.0,0.0,1743.75,21.523024590843256,1765.2730245908433
2022-05-03,Cycling,Bike,117.0,0.721444129943848,8188.7099609375,0.0,0.0,0.0,18.41114509308497,0.0,18.41114509308497,50.77178955078125,0.0,14.974653986033655,0.0,1743.75,14.974653986033655,1758.7246539860337
2022-05-04,CyclingTreadmill Running,BikeRun,297.0,1.969235539436336,26974.76904296875,0.0,0.0,42.07658182376968,54.66900688055984,0.0,96.74558870432952,146.42152404785156,43.5829731786005,56.246180176036546,0.0,3487.5,99.82915335463704,3587.329153354637
2022-05-07,Treadmill RunningCyclingCycling,RunBikeBike,399.0,1.296967759728431,10449.13012695313,0.0,0.0,51.14720931104292,9.628295249321493,0.0,60.77550456036441,172.8255672454834,55.1116958165565,8.790960478968412,0.0,5231.25,63.90265629552491,5295.152656295525
2022-05-09,CyclingTreadmill Running,BikeRun,276.0,0.6537810862064359,5130.2399902343805,0.0,0.0,21.8960456893008,6.684372444549435,0.0,28.580418133850234,116.45243072509766,24.506523155908436,5.343780543087836,0.0,3487.5,29.85030369899627,3517.350303698996
2022-05-11,Indoor CyclingRunningTreadmill Running,BikeRunRun,423.0,2.246364355087285,6777.93994140625,0.0,0.0,47.65798850395293,51.05108101471633,0.0,98.70906951866925,183.7206573486328,47.96931535106081,51.45920574997475,0.0,5231.25,99.42852110103556,5330.678521101036
2022-05-15,Treadmill Running,Run,155.0,1.51867663860321,7996.14990234375,0.0,0.0,79.46990778631674,0.0,0.0,79.46990778631674,68.82329559326172,85.6297233707271,0.0,0.0,1743.75,85.6297233707271,1829.379723370727
2022-05-16,Treadmill Running,Run,127.0,0.247957780957222,453.529998779297,0.0,0.0,7.34169100778333,0.0,0.0,7.34169100778333,71.74864196777344,6.4817153840005775,0.0,0.0,1743.75,6.4817153840005775,1750.2317153840006
2022-05-18,Treadmill RunningCycling,RunBike,297.0,1.441434741020203,4216.39013671875,0.0,0.0,48.22902097987653,24.32256163973891,0.0,72.55158261961544,138.6918487548828,53.308406922491265,23.333427224775594,0.0,3487.5,76.64183414726686,3564.1418341472668
2022-05-19,RunningCycling,RunBike,273.0,1.073466062545776,12487.43017578125,0.0,0.0,26.73258626048222,15.405436155701393,0.0,42.13802241618361,135.5439567565918,27.503807900947987,13.38671893960844,0.0,3487.5,40.890526840556426,3528.3905268405565
2022-05-20,Cycling,Bike,114.0,0.116416111588478,1242.97998046875,0.0,0.0,0.0,2.7380013117943443,0.0,2.7380013117943443,60.56716537475586,0.0,2.169844626656623,0.0,1743.75,2.169844626656623,1745.9198446266566
2022-05-21,Running,Run,147.0,1.77251803874969,12874.0,0.0,0.0,80.0847402932122,0.0,0.0,80.0847402932122,72.54154205322266,81.83842073758912,0.0,0.0,1743.75,81.83842073758912,1825.588420737589
2022-05-24,Zone 4 Pyramid RunRunning,RunRun,242.0,0.9652802255004646,4410.549766540527,0.9,0.0,49.49930604301471,0.0,0.0,49.49930604301471,95.70857238769531,53.24587342303756,0.0,0.0,3487.5,53.24587342303756,3540.7458734230377
2022-05-25,Base BuildingShort Sprints With Builds,BikeSwim,302.0,1.6624158753289087,450.0,2.104444444444444,2011.68005371094,0.0,72.79005696597744,13.507782758441525,86.29783972441896,148.30184173583984,0.0,72.35994540239676,14.93039595823568,3487.5,87.29034136063244,3574.7903413606327
2022-05-26,Zone 5 Hill RepeatsEasy Effort spin,RunBike,281.0,1.091787219047546,4002.90991210938,1.25,0.0,26.628733315059737,19.26505546714047,0.0,45.893788782200204,138.49757385253906,27.582073437218636,17.678048812391673,0.0,3487.5,45.260122249610305,3532.7601222496105
2022-05-27,75 Sprints SwimZone 1 run,SwimRun,245.0,1.659338108698524,4284.1599121093805,1.201136447058784,2606.56005859375,25.15253759425446,0.0,86.40463262286127,111.55717021711573,100.42732429504395,19.23377918225923,0.0,81.08881059496886,3487.5,100.32258977722809,3587.822589777228
2022-05-28,Endurance Step Ups,Bike,137.0,2.70599007606506,0.0,3.0,0.0,0.0,110.79724961733307,0.0,110.79724961733307,69.8685531616211,0.0,105.52119011174578,0.0,1743.75,105.52119011174578,1849.2711901117457
2022-05-29,500s SwimZone 2 Run,SwimRun,274.0,1.2400097735722908,9575.7001953125,1.982889332241479,2103.1201171875,48.3630635629107,0.0,29.263443863836336,77.62650742674704,155.19141387939453,48.41349428612542,0.0,26.445934670133635,3487.5,74.85942895625905,3562.359428956259
2022-05-31,Broken 1000Zone 3 Intervals,SwimRun,286.0,1.015359461307525,4085.21997070313,1.205880000856188,1645.92004394531,31.646116223135603,0.0,3.390550800995029,35.03666702413063,156.35993194580078,31.459121445313805,0.0,3.3705162637628723,3487.5,34.82963770907668,3522.3296377090765
2022-06-01,Easy Effort spinSprints!Running,BikeSwimRun,390.0,1.242456927895546,2390.8800048828098,1.0,1188.71997070313,5.077678497254018,20.45145287468663,7.082060419919417,32.611191791860065,195.87620162963867,4.306407901737853,17.913681350090478,6.990980741248226,5231.25,29.211069993076556,5260.461069993076
2022-06-02,Zone 4 Pyramid Run,Run,149.0,0.849804759025574,6430.81005859375,0.733333333333333,0.0,39.87192686053056,0.0,0.0,39.87192686053056,73.21076202392578,41.299388962245764,0.0,0.0,1743.75,41.299388962245764,1785.0493889622458
2022-06-03,Muscular Endurance,Bike,127.0,0.53584748506546,0.0,1.0,0.0,0.0,17.564452535037947,0.0,17.564452535037947,47.5952033996582,0.0,15.507024483488493,0.0,1743.75,15.507024483488493,1759.2570244834885
2022-06-04,Swim FTP TestZone 1 Run,SwimRun,289.0,2.336775538656446,9811.5595703125,1.4849999999999999,1554.47998046875,90.37962759333334,0.0,7.965956376664505,98.34558396999785,142.02879333496094,94.2436158428919,0.0,7.697378772028962,3487.5,101.94099461492087,3589.440994614921
2022-06-05,Vo2 short recovery step up intervalsRunning,BikeRun,260.0,2.383347153663637,2201.63989257813,2.0,0.0,8.204209801278045,93.83110995734357,0.0,102.03531975862161,112.24330139160156,6.672871371216762,93.27666822315003,0.0,3487.5,99.94953959436678,3587.449539594367
2022-06-07,25s Sprint workoutZone 5 Repeats,SwimRun,282.0,1.2557792182763419,5596.43017578125,1.853134667078653,2011.68005371094,30.491885555286363,0.0,11.184939145620325,41.676824700906685,140.58738708496094,30.09974104171473,0.0,10.885585543182797,3487.5,40.98532658489753,3528.4853265848974
2022-06-09,Zone 3 IntervalsShort Sprints With Builds,RunSwim,291.0,1.63010337140825,9933.830078125,1.9888888888888898,2011.68005371094,45.74384463565382,0.0,18.74199749312031,64.48584212877412,144.98011779785156,47.69952516752223,0.0,18.37067533215129,3487.5,66.07020049967352,3553.570200499674
2022-06-10,Endurance Step Ups,Bike,146.0,1.22348916530609,0.0,1.25,0.0,0.0,60.03746909013535,0.0,60.03746909013535,72.08501434326172,0.0,60.934796573929525,0.0,1743.75,60.934796573929525,1804.6847965739296
2022-06-11,Zone 2 Run4X500 Endurance Swim,RunSwim,288.0,2.932803363800045,18114.7998046875,2.45177822113037,2194.56005859375,94.15908109277856,0.0,20.76773344779723,114.92681454057579,144.31089782714844,96.22095878094159,0.0,20.356276789290295,3487.5,116.57723557023188,3604.077235570232
2022-06-12,Race Pace IntervalsZone 1 Run,BikeRun,275.0,4.037599205970762,6104.45996093751,4.0,0.0,18.28326572462246,150.80090837712993,0.0,169.08417410175238,142.7959747314453,17.285534505030622,145.71655380202336,0.0,3487.5,163.00208830705398,3650.502088307054
2022-06-14,Lap SwimmingZone 3 Intervals,SwimRun,280.0,2.1343130466673097,7998.8701171875,1.1,0.0,37.5399637386763,0.0,27.803745070457612,65.34370880913391,142.18667602539062,35.2304143532937,0.0,28.026020404701804,3487.5,63.25643475799551,3550.7564347579955
2022-06-21,Zone 3 IntervalsKick it Into Gear!,RunSwim,283.0,1.557015005747477,9623.259765625,2.8725791115231,2926.080078125,45.81739685752174,0.0,11.062500762027073,56.879897619548814,147.9186248779297,48.413238250561726,0.0,10.074296835770223,3487.5,58.487535086331945,3545.987535086332
2022-06-22,Easy Effort spin,Bike,132.0,0.522585570812225,0.0,0.5,0.0,0.0,19.20427882153054,0.0,19.20427882153054,65.28681182861328,0.0,17.622278793479534,0.0,1743.75,17.622278793479534,1761.3722787934796
2022-06-23,Zone 2b Long RunBroken 500s,RunSwim,293.0,2.728161572350394,18346.009765625,3.1916626665327303,2377.43994140625,96.38014241097335,0.0,20.548552973685794,116.92869538465914,140.5926513671875,103.18068773924155,0.0,19.8557446182991,3487.5,123.03643235754065,3610.5364323575404
2022-06-25,Endurance Swim,Swim,144.0,1.47904417143928,4000.0,1.30020666546292,2468.88012695313,0.0,0.0,34.82776742491872,34.82776742491872,71.76935577392578,0.0,0.0,34.86408417927213,1743.75,34.86408417927213,1778.6140841792721
2022-06-26,Race Pace IntervalsBrick Run,BikeRun,281.0,6.040053725242609,7681.1501464843805,6.0,0.0,44.73343187322629,197.406566431662,0.0,242.13999830488828,143.18907928466797,45.40202331241598,185.26163690145546,0.0,3487.5,230.66366021387142,3718.1636602138715
2022-07-10,Race Pace IntervalsBrick Run Mile Repeats,BikeRun,291.0,3.124397873878482,48661.54150390625,5.750555555555556,5845.0,30.626819153462574,107.00677569809406,0.0,137.63359485155664,134.0012092590332,32.36201954345715,103.39896991334776,0.0,3487.5,135.7609894568049,3623.260989456805
2022-07-11,Cycling,Bike,147.0,0.645261645317078,14481.8203125,0.0,0.0,0.0,32.275280028525295,0.0,32.275280028525295,72.54154205322266,0.0,32.98203798535431,0.0,1743.75,32.98203798535431,1776.7320379853543
2022-07-12,Zone 3 Intervals,Run,151.0,1.42961406707764,6507.06005859375,1.2,0.0,69.60690416344283,0.0,0.0,69.60690416344283,76.68180084228516,73.06668424525456,0.0,0.0,1743.75,73.06668424525456,1816.8166842452545
2022-07-14,RunningMuscular Endurance broken intervalsLong Endurance Swim,RunBikeSwim,435.0,1.663101690477795,25333.69970703125,2.67508044189877,3017.52001953125,17.81360377722137,43.48204320319884,9.438989318574267,70.73463629899449,209.6835708618164,18.575186420460238,46.55011924430046,8.595812309581015,5231.25,73.72111797434172,5304.971117974342
2022-07-15,Muscular Endurance,Bike,144.0,1.11878335475922,30187.9609375,1.0,0.0,0.0,52.80826626653274,0.0,52.80826626653274,57.31940841674805,0.0,52.8633322376136,0.0,1743.75,52.8633322376136,1796.6133322376136
2022-07-16,Endurance SwimZone 2b Long RunTreadmill Running,SwimRunRun,359.0,2.7313247877690556,12201.3203125,3.87390311029222,3017.52001953125,91.80593446617698,0.0,14.07102420397931,105.87695867015628,150.25751972198486,92.53440141098322,0.0,14.183514143740007,5231.25,106.71791555472323,5337.967915554723
2022-07-17,Race Pace Intervals,Bike,130.0,3.79862380027771,79717.6171875,6.0,0.0,0.0,133.4587949006454,0.0,133.4587949006454,56.78687286376953,0.0,120.60926894045116,0.0,1743.75,120.60926894045116,1864.359268940451
2022-07-19,Race Pace Intervals,Bike,142.0,5.01854658126831,125179.59375,6.0,0.0,0.0,227.68453298759817,0.0,227.68453298759817,58.321815490722656,0.0,224.75636902494924,0.0,1743.75,224.75636902494924,1968.5063690249492
2022-07-21,Lap Swimming,Swim,130.0,0.573061390982734,1500.0,0.0,0.0,0.0,0.0,12.23430852297175,12.23430852297175,67.6495132446289,0.0,0.0,11.056378922393657,1743.75,11.056378922393657,1754.8063789223936
2022-07-22,Broken 1000Zone 2b Long Run,SwimRun,281.0,2.781705918841888,20558.189453125,4.05986622333526,2743.2001953125,105.1406571038,0.0,8.812333617115415,113.95299072091541,126.39139556884766,106.71210244806953,0.0,8.270177534310609,3487.5,114.98227998238013,3602.48227998238
2022-07-24,Lap Swimming,Swim,144.0,1.39662334018283,4050.0,0.0,0.0,0.0,0.0,40.542864385305265,40.542864385305265,71.76935577392578,0.0,0.0,40.58514057340256,1743.75,40.58514057340256,1784.3351405734027
2022-08-01,Brick Run Mile RepeatsRace Pace Intervals,RunBike,289.0,2.565108299255373,51455.58056640625,2.750555555555556,5845.0,33.8314895624672,83.39037683086728,0.0,117.22186639333448,128.47946548461914,34.337139215295174,82.89762868831437,0.0,3487.5,117.23476790360954,3604.7347679036093
2022-08-02,Simple Swim,Swim,129.0,0.487316946453518,1450.0,1.34272711171044,2423.16015625,0.0,0.0,15.282307307675635,15.282307307675635,68.86434936523438,0.0,0.0,13.704676000626742,1743.75,13.704676000626742,1757.4546760006267
2022-08-07,Lap SwimmingCyclingRunning,SwimBikeRun,435.0,15.29380855348376,225503.046875,0.0,0.0,195.28307197507758,383.4945907664886,39.907729357389336,618.6853920989555,198.56294631958008,176.48105218463735,391.8922825350978,43.833307184341436,5231.25,612.2066419040766,5843.456641904077
2022-08-21,easy ride,Bike,131.0,0.702062249183655,11527.7998046875,0.5,0.0,0.0,25.229648737015037,0.0,25.229648737015037,71.23682403564453,0.0,22.975905349662636,0.0,1743.75,22.975905349662636,1766.7259053496625
2022-09-01,Cycling,Bike,133.0,0.697105824947357,16777.369140625,0.0,0.0,0.0,26.190094531821835,0.0,26.190094531821835,72.06488800048828,0.0,24.214685941830407,0.0,1743.75,24.214685941830407,1767.9646859418303
2022-09-03,Indoor Cycling,Bike,138.0,0.421598613262177,0.0,0.0,0.0,0.0,17.627763265743166,0.0,17.627763265743166,69.8685531616211,0.0,16.910888638669146,0.0,1743.75,16.910888638669146,1760.6608886386691
2022-09-04,Cycling,Bike,140.0,0.759334444999695,17460.98046875,0.0,0.0,0.0,33.08573766250467,0.0,33.08573766250467,71.76935577392578,0.0,32.20023130170771,0.0,1743.75,32.20023130170771,1775.9502313017076
2022-09-11,Running,Run,120.0,0.0980738922953606,693.900024414063,0.0,0.0,2.4452492072603262,0.0,0.0,2.4452492072603262,71.36163330078125,2.0398324982359344,0.0,0.0,1743.75,2.0398324982359344,1745.789832498236
2022-09-13,Treadmill Running,Run,107.0,0.338721394538879,1132.38000488281,0.0,0.0,5.864754696783404,0.0,0.0,5.864754696783404,29.421255111694336,4.362382708069685,0.0,0.0,1743.75,4.362382708069685,1748.1123827080696
2022-09-19,Treadmill RunningRunning,RunRun,231.0,0.988074183464051,3067.839904785161,0.0,0.0,24.03979883405016,0.0,0.0,24.03979883405016,96.47006797790527,20.614259992712412,0.0,0.0,3487.5,20.614259992712412,3508.1142599927125
2022-09-20,Cycling,Bike,134.0,0.740795016288757,15745.7900390625,0.0,0.0,0.0,28.446528625488273,0.0,28.446528625488273,72.06488800048828,0.0,26.49867803834152,0.0,1743.75,26.49867803834152,1770.2486780383415
2022-09-22,Running,Run,141.0,0.321163862943649,2693.75,0.0,0.0,12.899639453769705,0.0,0.0,12.899639453769705,67.1767349243164,12.644067869179896,0.0,0.0,1743.75,12.644067869179896,1756.39406786918
2022-09-24,Running,Run,151.0,0.584403336048126,5405.22021484375,0.0,0.0,28.45418770133646,0.0,0.0,28.45418770133646,76.68180084228516,29.86849039208763,0.0,0.0,1743.75,29.86849039208763,1773.6184903920876
2022-09-25,Cycling,Bike,146.0,1.08468580245972,25256.099609375,0.0,0.0,0.0,53.22629099162645,0.0,53.22629099162645,71.1600570678711,0.0,54.02181776001016,0.0,1743.75,54.02181776001016,1797.7718177600102
2022-09-30,Treadmill Running,Run,154.0,0.413606405258179,2712.14990234375,0.0,0.0,21.261985168602955,0.0,0.0,21.261985168602955,68.82329559326172,22.76222256492774,0.0,0.0,1743.75,22.76222256492774,1766.5122225649277
2022-10-07,Treadmill Running,Run,102.0,0.194274172186852,596.97998046875,0.0,0.0,2.866144470484259,0.0,0.0,2.866144470484259,36.6610107421875,2.0323026485185567,0.0,0.0,1743.75,2.0323026485185567,1745.7823026485185
2022-10-08,Running,Run,143.0,1.0730094909668,9201.5595703125,0.0,0.0,44.85664838748306,0.0,0.0,44.85664838748306,71.76935577392578,44.59159346131441,0.0,0.0,1743.75,44.59159346131441,1788.3415934613145
2022-10-12,Treadmill Running,Run,140.0,0.709827482700348,2453.60009765625,0.0,0.0,27.937366889642,0.0,0.0,27.937366889642,71.76935577392578,27.18965147410414,0.0,0.0,1743.75,27.18965147410414,1770.939651474104
2022-10-16,Treadmill Running,Run,139.0,0.848932206630707,3855.84008789063,0.0,0.0,32.73384249240484,0.0,0.0,32.73384249240484,71.76935577392578,31.630198863011977,0.0,0.0,1743.75,31.630198863011977,1775.380198863012
2022-10-21,Treadmill Running,Run,143.0,0.473025262355804,2207.85009765625,0.0,0.0,19.77459477340983,0.0,0.0,19.77459477340983,71.76935577392578,19.65774801944808,0.0,0.0,1743.75,19.65774801944808,1763.407748019448
2022-10-23,FTP Test,Bike,152.0,0.904407501220703,23878.869140625,1.0,0.0,0.0,49.64838154149191,0.0,49.64838154149191,76.68180084228516,0.0,52.46127211892089,0.0,1743.75,52.46127211892089,1796.211272118921
2022-10-25,FTP Test,Run,159.0,0.64428722858429,6404.0400390625,0.833333333333333,0.0,36.14362900931772,0.0,0.0,36.14362900931772,68.82329559326172,39.95020516149821,0.0,0.0,1743.75,39.95020516149821,1783.7002051614982
2022-10-26,Sprints!,Swim,145.0,0.515576113594903,1300.0,0.5,1188.71997070313,0.0,0.0,9.839033296356806,9.839033296356806,68.20872497558594,0.0,0.0,9.917690844433348,1743.75,9.917690844433348,1753.6676908444333
2022-10-28,FTP Test,Bike,143.0,0.908412218093872,23970.859375,1.0,0.0,0.0,42.0417982764866,0.0,42.0417982764866,71.76935577392578,0.0,41.793376110793076,0.0,1743.75,41.793376110793076,1785.5433761107931
2022-10-30,Broken 1000Vo2 building duration intervals,SwimBike,272.0,1.181809986299939,5055.25,1.851532890001933,2743.2001953125,0.0,12.613720797996683,21.58243126385283,34.19615206184951,140.2469253540039,0.0,11.662320932454355,20.854765002958242,3487.5,32.517085935412595,3520.0170859354125
2022-11-02,Vo2 building duration intervals,Bike,137.0,0.826017796993256,19825.9296875,1.0,0.0,0.0,33.82144703756885,0.0,33.82144703756885,71.02661895751953,0.0,32.21090194054177,0.0,1743.75,32.21090194054177,1775.9609019405418
2022-11-04,Zone 1 Run,Run,137.0,1.00730311870575,5807.22021484375,1.0,0.0,37.25528575774631,0.0,0.0,37.25528575774631,71.02661895751953,35.48122453118696,0.0,0.0,1743.75,35.48122453118696,1779.2312245311869
2022-11-11,Running,Run,139.0,0.404966115951538,2632.03002929688,0.0,0.0,15.615024322060052,0.0,0.0,15.615024322060052,71.76935577392578,15.088553220482078,0.0,0.0,1743.75,15.088553220482078,1758.838553220482
2022-11-13,Cycling,Bike,139.0,0.827843606472015,19931.150390625,0.0,0.0,0.0,35.3384370206209,0.0,35.3384370206209,71.76935577392578,0.0,34.14697772586934,0.0,1743.75,34.14697772586934,1777.8969777258694
2022-11-17,Treadmill Running,Run,160.0,0.480486661195755,3255.669921875,0.0,0.0,27.417374238739264,0.0,0.0,27.417374238739264,68.82329559326172,30.49551531594218,0.0,0.0,1743.75,30.49551531594218,1774.2455153159422
2022-11-20,Lap Swimming,Swim,145.0,0.491374447080824,1300.0,0.0,0.0,0.0,0.0,10.832105244611743,10.832105244611743,68.20872497558594,0.0,0.0,10.918701845455008,1743.75,10.918701845455008,1754.668701845455
2022-12-01,Lap Swimming,Swim,127.0,0.170376667976379,675.0,0.0,0.0,0.0,0.0,12.612437515080183,12.612437515080183,71.74864196777344,0.0,0.0,11.135068226730507,1743.75,11.135068226730507,1754.8850682267305
2022-12-16,Cycling,Bike,145.0,0.659738004207611,14639.259765625,0.0,0.0,0.0,31.75422527019378,0.0,31.75422527019378,71.1600570678711,0.0,32.008082476038226,0.0,1743.75,32.008082476038226,1775.7580824760382
2022-12-17,Running,Run,150.0,0.254294723272324,2400.72998046875,0.0,0.0,12.155291246151439,0.0,0.0,12.155291246151439,70.25943756103516,12.674964803077621,0.0,0.0,1743.75,12.674964803077621,1756.4249648030777
2022-12-19,Cycling,Bike,157.0,0.595179200172424,14472.16015625,0.0,0.0,0.0,35.71075201034544,0.0,35.71075201034544,68.82329559326172,0.0,38.97523855143715,0.0,1743.75,38.97523855143715,1782.725238551437
2022-12-22,Run Test,Run,156.0,0.80813467502594,6659.60009765625,0.833333333333333,0.0,43.040167625041114,0.0,0.0,43.040167625041114,68.82329559326172,46.675468540190565,0.0,0.0,1743.75,46.675468540190565,1790.4254685401906
2022-12-24,Sprints!Bike Test,SwimBike,283.0,1.277552500300937,22519.859375,1.5,1188.71997070313,0.0,56.13178366560114,29.07538182616991,85.20716549177105,143.45063018798828,0.0,60.48263099178434,25.871733567950983,3487.5,86.35436455973533,3573.8543645597356
2022-12-25,Zone 1 Run,Run,152.0,1.16887962818146,8494.4501953125,1.0,0.0,57.9609732982542,0.0,0.0,57.9609732982542,76.68180084228516,61.2448240621108,0.0,0.0,1743.75,61.2448240621108,1804.9948240621109
2022-12-26,Vo2 building duration intervals,Bike,134.0,0.93309223651886,11384.6201171875,1.0,0.0,0.0,35.83074188232423,0.0,35.83074188232423,72.06488800048828,0.0,33.37726390150467,0.0,1743.75,33.37726390150467,1777.1272639015046
2022-12-27,Broken 1000,Swim,120.0,1.5170441754659,6200.0,1.52653289000193,2743.2001953125,0.0,0.0,123.27827933374853,123.27827933374853,61.946197509765625,0.0,0.0,102.83902342752745,1743.75,102.83902342752745,1846.5890234275275
2022-12-29,25s Sprint workoutCyclingRunning,SwimBikeRun,411.0,2.033571400112576,17479.71044921875,0.461486222479079,822.960021972656,38.601950125716726,32.86044133408083,35.06893814622268,106.53132960602024,206.9263153076172,40.25229418740013,32.43783572776836,29.010800412933598,5231.25,101.70093032810209,5332.950930328102
2023-01-04,Run Test,Run,140.0,0.490035563707352,3546.57006835938,0.833333333333333,0.0,19.286803717691726,0.0,0.0,19.286803717691726,71.76935577392578,18.770611890697545,0.0,0.0,1743.75,18.770611890697545,1762.5206118906976
2023-01-05,Sprints!,Swim,119.0,0.488642225265503,1825.0,0.5,1188.71997070313,0.0,0.0,30.305019681677948,30.305019681677948,58.358882904052734,0.0,0.0,25.06984596537835,1743.75,25.06984596537835,1768.8198459653784
2023-01-07,Zone 1 Run,Run,136.0,0.996318876743317,6762.85009765625,1.0,0.0,36.07734551562304,0.0,0.0,36.07734551562304,71.02661895751953,34.10857831160747,0.0,0.0,1743.75,34.10857831160747,1777.8585783116075
2023-01-08,Vo2 building duration intervals,Bike,145.0,0.900274455547333,20753.5,1.0,0.0,0.0,43.33162207441205,0.0,43.33162207441205,71.1600570678711,0.0,43.67803406875042,0.0,1743.75,43.67803406875042,1787.4280340687503
2023-01-11,Base Build Pyramid,Bike,147.0,1.00108575820923,22518.26953125,1.0,0.0,0.0,50.07321202687377,0.0,50.07321202687377,72.54154205322266,0.0,51.1697057208929,0.0,1743.75,51.1697057208929,1794.9197057208928
2023-01-12,Vo2 intervals,Bike,142.0,0.756187736988068,17346.009765625,0.75,0.0,0.0,34.30719411666093,0.0,34.30719411666093,71.76935577392578,0.0,33.86598237445848,0.0,1743.75,33.86598237445848,1777.6159823744586
2023-01-13,Zone 1 Run500s Swim,RunSwim,254.0,1.0343186100324,4709.4099121093805,1.63986622174581,2011.68005371094,17.127997016541983,0.0,19.904393682937666,37.03239069947965,129.59570693969727,15.717035844167825,0.0,16.881029053308275,3487.5,32.5980648974761,3520.0980648974764
2023-01-14,Muscular Endurance,Bike,140.0,1.39953052997589,30424.41015625,1.5,0.0,0.0,60.980375999493894,0.0,60.980375999493894,57.31940841674805,0.0,59.34829780972642,0.0,1743.75,59.34829780972642,1803.0982978097263
2023-01-15,Zone 2 Run75 Sprints Swim,RunSwim,283.0,1.8910600158903381,9520.27978515625,2.027803113725453,2406.56005859375,29.26825402286339,0.0,67.15253243842893,96.42078646129232,143.53871154785156,28.891846167859587,0.0,65.82208601889802,3487.5,94.7139321867576,3582.2139321867576
2023-02-12,Running,Run,122.0,0.0605472214519978,407.600006103516,0.0,0.0,1.588015370368633,0.0,0.0,1.588015370368633,71.36163330078125,1.3468048327074955,0.0,0.0,1743.75,1.3468048327074955,1745.0968048327074
2023-03-14,Zone 3 Intervals,Run,135.0,0.713550567626953,3874.84008789063,1.16666666666667,0.0,25.291300564464926,0.0,0.0,25.291300564464926,71.02661895751953,23.735318569362285,0.0,0.0,1743.75,23.735318569362285,1767.4853185693623
2023-03-15,Running,Run,110.0,0.359491109848022,1232.82995605469,0.0,0.0,6.812185883220765,0.0,0.0,6.812185883220765,28.360107421875,5.2091793337107,0.0,0.0,1743.75,5.2091793337107,1748.9591793337106
2023-03-17,Lap SwimmingRunning,SwimRun,279.0,1.0011386319001518,2966.6700439453098,0.0,0.0,19.236781852516156,0.0,12.949761494849128,32.18654334736529,137.6360626220703,18.58820074730445,0.0,12.603174204232728,3487.5,31.191374951537178,3518.691374951537
2023-03-19,Running,Run,138.0,0.84089583158493,3262.669921875,0.0,0.0,31.75887979189966,0.0,0.0,31.75887979189966,71.02661895751953,30.46732993592042,0.0,0.0,1743.75,30.46732993592042,1774.2173299359204
2023-03-21,easy effort spinSwim Test,BikeSwim,282.0,1.066464706526862,18725.91015625,1.568333333333333,1554.47998046875,0.0,31.599230486864393,9.366088631872254,40.965319118736645,146.35037231445312,0.0,31.192844832358322,9.115414726882971,3487.5,40.30825955924129,3527.8082595592414
2023-03-22,Run Test,Run,148.0,0.816478908061981,7087.47021484375,0.833333333333333,0.0,37.5956164646585,0.0,0.0,37.5956164646585,73.21076202392578,38.680231051577735,0.0,0.0,1743.75,38.680231051577735,1782.4302310515777
2023-03-23,Sprints!,Swim,142.0,0.414196668730842,1300.0,0.5,1188.71997070313,0.0,0.0,15.244907862689336,15.244907862689336,68.81803131103516,0.0,0.0,15.048848915550128,1743.75,15.048848915550128,1758.79884891555
2023-03-25,Bike TestZone 1 Run,BikeRun,272.0,2.0229021906852718,27644.10083007813,2.0,0.0,31.06920251184519,45.05373906593465,0.0,76.12294157777984,128.85338973999023,26.565950010128315,46.66671616839946,0.0,3487.5,73.23266617852778,3560.732666178528
2023-03-26,Broken 1000,Swim,140.0,0.931780559751723,2725.0,1.52653289000193,2743.2001953125,0.0,0.0,27.744709351867687,27.744709351867687,71.76935577392578,0.0,0.0,27.0021502207958,1743.75,27.0021502207958,1770.7521502207958
2023-03-28,Zone 1 easy effort spinZone 4 Pyramid Run,BikeRun,273.0,1.2482983469963078,2962.84008789063,1.583333333333333,0.0,26.725759500363257,21.423364997496005,0.0,48.14912449785926,137.05616760253906,26.382049697960255,19.509633748154165,0.0,3487.5,45.89168344611442,3533.3916834461143
2023-03-29,Base Build Pyramid,Bike,137.0,0.799844682216644,20824.2890625,1.0,0.0,0.0,32.74978415276466,0.0,32.74978415276466,71.02661895751953,0.0,31.19027062168063,0.0,1743.75,31.19027062168063,1774.9402706216806
2023-04-01,Muscular Endurance,Bike,138.0,0.649945259094238,17378.060546875,1.5,0.0,0.0,27.175329336011323,0.0,27.175329336011323,71.02661895751953,0.0,26.070180384911797,0.0,1743.75,26.070180384911797,1769.8201803849117
2023-04-07,Zone 1 Run,Run,131.0,0.700468599796295,5699.66015625,0.666666666666667,0.0,22.737839405722777,0.0,0.0,22.737839405722777,71.23682403564453,20.706687258600514,0.0,0.0,1743.75,20.706687258600514,1764.4566872586006
2023-04-08,Muscular Endurance broken intervals,Bike,135.0,1.32567799091339,36478.078125,1.5,0.0,0.0,52.018702200725485,0.0,52.018702200725485,56.57666015625,0.0,48.81838579838679,0.0,1743.75,48.81838579838679,1792.5683857983868
2023-04-09,Long Zone 2 Run,Run,128.0,1.24967777729034,6953.1298828125,1.0,0.0,37.876989990462484,0.0,0.0,37.876989990462484,72.45166778564453,33.70354340479109,0.0,0.0,1743.75,33.70354340479109,1777.4535434047912
2023-04-10,Short Sprints,Swim,129.0,1.04004306051466,3075.0,1.10204177750482,1920.23999023438,0.0,0.0,31.999314104164206,31.999314104164206,72.45166778564453,0.0,0.0,28.695943826466337,1743.75,28.695943826466337,1772.4459438264664
2023-04-15,Muscular Endurance broken intervals25s Sprint workout,BikeSwim,266.0,2.309017346700034,41680.55859375,2.86980133374532,2011.68005371094,0.0,67.92576043952849,17.836039669418007,85.76180010894649,129.02832794189453,0.0,64.69120041859857,15.994780099790914,3487.5,80.68598051838948,3568.1859805183894
2023-04-18,Run Test,Run,143.0,0.622218906879425,5689.33984375,0.833333333333333,0.0,26.011563700882512,0.0,0.0,26.011563700882512,71.76935577392578,25.857863115927696,0.0,0.0,1743.75,25.857863115927696,1769.6078631159278
2023-04-19,Base Build Pyramid,Bike,121.0,0.74129331111908,12333.4501953125,0.75,0.0,0.0,20.989390796344104,0.0,20.989390796344104,61.946197509765625,0.0,17.65530960276424,0.0,1743.75,17.65530960276424,1761.4053096027642
2023-04-20,Bike Test,Bike,107.0,0.902365863323212,23999.08984375,1.0,0.0,0.0,17.29676721001393,0.0,17.29676721001393,31.34672737121582,0.0,12.865860906996806,0.0,1743.75,12.865860906996806,1756.6158609069969
2023-04-22,Swim TestZone 2 Run,SwimRun,266.0,1.8634941736857051,7225.60986328125,1.818333333333333,1554.47998046875,47.05343936426144,0.0,17.488842267486028,64.54228163174747,127.41198348999023,46.77540374758003,0.0,14.953963148423922,3487.5,61.72936689600395,3549.2293668960037
2023-04-23,Vo2 building duration intervals,Bike,139.0,1.02177774906158,0.0,1.25,0.0,0.0,43.61696865445931,0.0,43.61696865445931,68.86324310302734,0.0,42.14639306895964,0.0,1743.75,42.14639306895964,1785.8963930689597
2023-04-24,Treadmill Running,Run,116.0,0.36197167634964,794.570007324219,0.0,0.0,8.123038998800471,0.0,0.0,8.123038998800471,57.20594787597656,6.550382508591272,0.0,0.0,1743.75,6.550382508591272,1750.3003825085914
2023-04-25,Base Building steady effortZone 4 Pyramid Run,BikeRun,243.0,0.72983667254448,1306.22998046875,1.65,0.0,8.649163312024832,10.607032389361386,0.0,19.25619570138622,110.86066055297852,7.756288267300683,8.405990214718095,0.0,3487.5,16.162278482018777,3503.662278482019
2023-04-27,Zone 3 IntervalsRunning,RunRun,252.0,1.018038660287857,7297.159957885742,0.833333333333333,0.0,38.893887690528565,0.0,0.0,38.893887690528565,107.0527114868164,38.121232052169596,0.0,0.0,3487.5,38.121232052169596,3525.62123205217
2023-04-29,Kick it Into Gear!Zone 1 Run,SwimRun,258.0,1.798328060574002,6393.93994140625,2.41063466707865,2651.76000976563,28.2712450249584,0.0,25.85358936124597,54.12483438620437,134.3980827331543,26.138864013343536,0.0,22.465753702855377,3487.5,48.604617716198916,3536.104617716199
2023-04-30,Vo2 step up intervals with foundation pyramid,Bike,128.0,1.70266354084015,35798.078125,1.5,0.0,0.0,57.13224747699244,0.0,57.13224747699244,57.05032730102539,0.0,50.837175370559834,0.0,1743.75,50.837175370559834,1794.5871753705599
2023-05-02,Zone 3 Intervals,Run,145.0,0.593190550804138,2897.26000976563,1.0,0.0,25.78987181264026,0.0,0.0,25.78987181264026,71.1600570678711,25.996047360673185,0.0,0.0,1743.75,25.996047360673185,1769.7460473606732
2023-05-04,Vo2 short recovery intervals,Bike,133.0,1.25718665122986,27574.3203125,1.0,0.0,0.0,47.23219353724524,0.0,47.23219353724524,57.614933013916016,0.0,43.66966799064036,0.0,1743.75,43.66966799064036,1787.4196679906404
2023-05-06,Muscular Endurance broken intervals,Bike,137.0,1.60609328746796,44085.23828125,1.75,0.0,0.0,65.76177808422688,0.0,65.76177808422688,56.57666015625,0.0,62.63026484212084,0.0,1743.75,62.63026484212084,1806.3802648421208
2023-05-07,150s With alternating sprintsZone 2 Run,SwimRun,273.0,2.113771057658723,12350.0,2.31560222307841,2103.1201171875,51.51827120958432,0.0,15.607305688786555,67.12557689837088,135.5439567565918,53.00454736891539,0.0,13.562135635024811,3487.5,66.5666830039402,3554.06668300394
2023-05-09,Base BuildingZone 4 Pyramid RunIndoor Cycling,BikeRunBike,311.0,0.6403191601857541,3815.9599609375,2.2,0.0,19.225109701688783,1.1524505888638277,0.0,20.37756029055261,93.4915657043457,17.908687521906824,0.774021529019878,0.0,5231.25,18.682709050926704,5249.932709050927
2023-05-10,pull/swim/sprint,Swim,130.0,0.808553336726295,2325.0,0.845555555555556,1737.36010742188,0.0,0.0,22.88545095713148,22.88545095713148,71.23682403564453,0.0,0.0,20.682020329698243,1743.75,20.682020329698243,1764.4320203296982
2023-05-12,500s Swim,Swim,132.0,1.15912361568875,3425.0,1.35569955507914,2377.43994140625,0.0,0.0,35.59837466138811,35.59837466138811,71.23682403564453,0.0,0.0,32.66587038792652,1743.75,32.66587038792652,1776.4158703879266
2023-05-13,Muscular Endurance broken intervals with foundation pyramid,Bike,134.0,1.71341466903687,45811.37109375,2.0,0.0,0.0,65.79512329101581,0.0,65.79512329101581,57.614933013916016,0.0,61.28986111224274,0.0,1743.75,61.28986111224274,1805.0398611122428
2023-05-14,Zone 2 RunBroken 300 Swim,RunSwim,278.0,2.2363920238282997,14525.0,2.26713911056519,1920.23999023438,54.71183839322094,0.0,29.991714749672294,84.70355314289323,144.4475860595703,56.290247356250944,0.0,27.104087017430643,3487.5,83.39433437368159,3570.894334373682
2023-05-18,Treadmill Running,Run,134.0,0.115716390311718,1000.75,0.0,0.0,4.013756687104902,0.0,0.0,4.013756687104902,87.09989929199219,3.7389182903862133,0.0,0.0,1743.75,3.7389182903862133,1747.4889182903862
2023-05-19,Treadmill Running,Run,140.0,0.358233332633972,3000.0,0.0,0.0,14.099335810190562,0.0,0.0,14.099335810190562,71.76935577392578,13.721981323786434,0.0,0.0,1743.75,13.721981323786434,1757.4719813237864
2023-05-20,Vo2 intervalsZone 3 Intervals,BikeRun,250.0,1.3228380903601606,33680.549377441406,2.25,0.0,0.5966630612950566,57.378835098504396,0.0,57.97549815979945,89.75654220581055,0.45211173918082154,56.24202814660493,0.0,3487.5,56.69413988578575,3544.1941398857857
2023-05-21,Zone 2 RunBroken 1000,RunSwim,295.0,1.2677441848648918,7475.0,1.4511577786339651,1645.92004394531,28.727638275438792,0.0,16.922350124201927,45.64998839964072,139.84991455078125,31.952882336254483,0.0,15.881246206237469,3487.5,47.83412854249195,3535.334128542492
2023-05-25,Zone 3 Intervals,Run,150.0,0.863161444664001,8770.0,1.0,0.0,41.259128845956866,0.0,0.0,41.259128845956866,73.21076202392578,43.02307491757754,0.0,0.0,1743.75,43.02307491757754,1786.7730749175776
2023-05-26,Broken 500s,Swim,137.0,0.415377223756578,1225.0,1.05708844396803,1920.23999023438,0.0,0.0,12.683258902601818,12.683258902601818,69.08059692382812,0.0,0.0,12.079294192954112,1743.75,12.079294192954112,1755.8292941929542
2023-05-27,Zone 2 RunPyramid of Pain,RunSwim,263.0,1.761198115878635,10340.1298828125,2.206388888888886,1691.64001464844,40.041789999751394,0.0,17.04288349649309,57.084673496244484,133.35981369018555,38.13503809500133,0.0,14.928073135614383,3487.5,53.06311123061571,3540.5631112306155
2023-05-28,Muscular Endurance with step downs,Bike,146.0,1.51774942874908,40669.08984375,2.0,0.0,0.0,74.47702603259002,0.0,74.47702603259002,56.71009826660156,0.0,75.59016893123491,0.0,1743.75,75.59016893123491,1819.340168931235
2023-05-30,Zone 3 Intervals,Run,143.0,0.926801681518555,8254.4404296875,1.16666666666667,0.0,38.74450086676093,0.0,0.0,38.74450086676093,71.76935577392578,38.51556221026634,0.0,0.0,1743.75,38.51556221026634,1782.2655622102664
2023-06-06,Zone 4 Pyramid Run,Run,146.0,0.716550588607788,6420.18994140625,0.9,0.0,31.76099105135647,0.0,0.0,31.76099105135647,71.1600570678711,32.23569477579454,0.0,0.0,1743.75,32.23569477579454,1775.9856947757946
2023-06-07,Short Sprints With Builds,Swim,127.0,0.548272780312432,1550.0,1.08888888888889,2011.68005371094,0.0,0.0,14.747203532544804,14.747203532544804,58.745880126953125,0.0,0.0,13.01977649380042,1743.75,13.01977649380042,1756.7697764938005
2023-06-08,Easy Effort spinZone 5 Hill Repeats,BikeRun,268.0,0.905855536460877,15101.169921875,1.25,0.0,21.445013274831222,11.760612090819285,0.0,33.205625365650505,127.89825439453125,22.660007075247453,9.483705266145547,0.0,3487.5,32.143712341393,3519.643712341393
2023-06-09,75 Sprints SwimZone 1 run,SwimRun,266.0,1.673232232729597,7216.18994140625,1.69446978039212,2406.56005859375,17.126456710062957,0.0,29.026039126643923,46.152495836706876,142.26344299316406,16.191853406802657,0.0,26.23138746238241,3487.5,42.423240869185065,3529.923240869185
2023-06-10,Endurance Step Ups,Bike,141.0,2.00730967521667,51058.69921875,3.0,0.0,0.0,89.25659944105217,0.0,89.25659944105217,57.31940841674805,0.0,87.48822051573414,0.0,1743.75,87.48822051573414,1831.2382205157342
2023-06-11,500s SwimZone 2 Run,SwimRun,281.0,2.4356164450115596,14322.7001953125,2.5012226655748098,2103.1201171875,51.36663230925702,0.0,34.97794916981135,86.34458147906838,143.53871154785156,50.70602563722279,0.0,33.79864396665817,3487.5,84.50466960388096,3572.0046696038808
2023-06-13,Broken 1000,Swim,132.0,0.877253336906433,2425.0,0.951157778633965,1645.92004394531,0.0,0.0,22.059370826159086,22.059370826159086,71.23682403564453,0.0,0.0,20.24217552348279,1743.75,20.24217552348279,1763.9921755234827
2023-06-14,Sprints!,Swim,119.0,0.423011668523153,1325.0,0.5,1188.71997070313,0.0,0.0,15.475720964211156,15.475720964211156,58.358882904052734,0.0,0.0,12.802299581099252,1743.75,12.802299581099252,1756.5522995810993
2023-06-15,Zone 4 Pyramid Run,Run,135.0,0.165725558996201,1349.36999511719,0.733333333333333,0.0,5.874026472610378,0.0,0.0,5.874026472610378,94.47611999511719,5.5126421536489465,0.0,0.0,1743.75,5.5126421536489465,1749.262642153649
2023-06-16,Muscular Endurance,Bike,111.0,0.360559731721878,8111.14013671875,1.0,0.0,0.0,7.788090205192565,0.0,7.788090205192565,34.930763244628906,0.0,6.009579511827422,0.0,1743.75,6.009579511827422,1749.7595795118275
2023-06-17,Zone 1 RunSwim Test,RunSwim,281.0,1.207787811756134,6919.2001953125,1.4849999999999999,1554.47998046875,28.468299547787797,0.0,16.71619419677514,45.18449374456294,139.20865631103516,28.497984948776104,0.0,15.92018494930966,3487.5,44.418169898085765,3531.9181698980856
2023-06-18,Vo2 short recovery step up intervals,Bike,142.0,1.40824449062347,39401.26953125,2.0,0.0,0.0,63.89010921543152,0.0,63.89010921543152,57.31940841674805,0.0,63.068442882108286,0.0,1743.75,63.068442882108286,1806.8184428821082
2023-06-21,Easy Effort spin,Bike,108.0,0.727029144763947,13108.83984375,0.75,0.0,0.0,14.367965011380356,0.0,14.367965011380356,31.34672737121582,0.0,10.787210436072844,0.0,1743.75,10.787210436072844,1754.5372104360729
2023-06-22,Short Sprints With Builds,Swim,116.0,0.885364447699653,2275.0,1.08888888888889,2011.68005371094,0.0,0.0,17.881666710959006,17.881666710959006,51.216453552246094,0.0,0.0,14.419696478771252,1743.75,14.419696478771252,1758.1696964787714
2023-06-24,Zone 2 Run4X500 Endurance Swim,RunSwim,261.0,1.8231489139133061,11368.8095703125,2.45177822113037,2194.56005859375,48.892135354357386,0.0,19.777657921099426,68.66979327545681,122.37651062011719,49.622883293265055,0.0,15.81112729180698,3487.5,65.43401058507203,3552.934010585072
2023-06-25,Race Pace Intervals,Bike,140.0,3.24999475479126,81572.9921875,3.5,0.0,0.0,141.60884517965334,0.0,141.60884517965334,57.31940841674805,0.0,137.81882742545338,0.0,1743.75,137.81882742545338,1881.5688274254535
2023-06-27,Zone 3 Intervals,Run,144.0,1.26674664020538,10000.0,1.1,0.0,54.009556907438444,0.0,0.0,54.009556907438444,71.76935577392578,54.06587552777989,0.0,0.0,1743.75,54.06587552777989,1797.8158755277798
2023-06-28,Long Endurance Swim,Swim,121.0,1.16460445033179,3150.0,1.67508044189877,3017.52001953125,0.0,0.0,27.433594878929735,27.433594878929735,61.946197509765625,0.0,0.0,23.075877513733037,1743.75,23.075877513733037,1766.825877513733
2023-06-30,Endurance Step Upspull/swim/sprint,BikeSwim,278.0,1.748950046433345,31590.05078125,2.095555555555556,1737.36010742188,0.0,51.050863235704476,16.922032894466597,67.97289613017108,143.83424377441406,0.0,51.104096669735455,15.76331183773739,3487.5,66.86740850747285,3554.3674085074726
2023-07-01,Zone 2b Long RunEndurance Swim,RunSwim,232.0,0.5069158358871938,1772.160003662109,2.83353999879625,2468.88012695313,0.7607342784713027,0.0,21.96991467626222,22.730648954733525,102.62351608276367,0.6028759662546298,0.0,18.021897336106655,3487.5,18.624773302361284,3506.124773302361
2023-07-02,Race Pace IntervalsBrick Run,BikeRun,278.0,4.925945222377781,112837.76220703125,4.75,0.0,31.438207624144408,163.78163670429896,0.0,195.21984432844337,128.34601593017578,31.25244136428676,153.705394195901,0.0,3487.5,184.95783556018776,3672.457835560188
2023-07-04,Kick it Into Gear!,Swim,114.0,1.26892389297485,3200.0,1.5725791115231,2926.080078125,0.0,0.0,24.22628017068689,24.22628017068689,51.216453552246094,0.0,0.0,19.199137570095974,1743.75,19.199137570095974,1762.949137570096
2023-07-05,Zone 3 Intervals,Run,145.0,0.778141140937805,7580.0,1.3,0.0,33.830883262929476,0.0,0.0,33.830883262929476,71.1600570678711,34.10134218369673,0.0,0.0,1743.75,34.10134218369673,1777.8513421836967
2023-07-07,Muscular Endurance,Bike,92.0,0.515981674194336,0.0,1.0,0.0,0.0,5.852344130748613,0.0,5.852344130748613,13.489272117614746,0.0,3.742896489599391,0.0,1743.75,3.742896489599391,1747.4928964895994
2023-07-08,Zone 2b Long Run,Run,123.0,0.805631399154663,5734.68994140625,1.86666666666667,0.0,21.661420435163212,0.0,0.0,21.661420435163212,55.64262771606445,18.521756785019637,0.0,0.0,1743.75,18.521756785019637,1762.2717567850195
2023-07-10,Race Pace IntervalsBrick Run,BikeRun,259.0,5.868463337421421,128677.35888671875,6.0,0.0,31.160251687568184,158.4682912440743,0.0,189.62854293164247,121.91038131713867,28.809965063931656,138.8043426955395,0.0,3487.5,167.61430775947116,3655.1143077594716
2023-07-12,Bike Test,Bike,150.0,0.927658081054688,0.0,1.0,0.0,0.0,49.089771753898894,0.0,49.089771753898894,72.63257598876953,0.0,51.18850026475379,0.0,1743.75,51.18850026475379,1794.9385002647539
2023-07-13,Swim Test,Swim,133.0,0.49581028037601,1350.0,0.818333333333333,1554.47998046875,0.0,0.0,11.914565276830523,11.914565276830523,68.47756958007812,0.0,0.0,11.015899769332357,1743.75,11.015899769332357,1754.7658997693325
2023-07-15,Run Test,Run,156.0,0.836386382579803,8870.0,0.833333333333333,0.0,44.544815632841136,0.0,0.0,44.544815632841136,68.82329559326172,48.307203606000805,0.0,0.0,1743.75,48.307203606000805,1792.0572036060007
2023-07-18,Zone 3 Intervals,Run,141.0,1.17190492153168,9773.4697265625,1.05,0.0,47.069900154082355,0.0,0.0,47.069900154082355,71.76935577392578,46.13733696020585,0.0,0.0,1743.75,46.13733696020585,1789.8873369602059
2023-07-21,Broken 300 Swim,Swim,121.0,0.571163613531325,1475.0,0.757416888342963,1920.23999023438,0.0,0.0,11.710163158477375,11.710163158477375,58.358882904052734,0.0,0.0,9.85005034533029,1743.75,9.85005034533029,1753.6000503453304
2023-07-22,Endurance Swim,Swim,130.0,0.900114447275797,2400.0,1.18279199918111,3017.52001953125,0.0,0.0,20.31169706276739,20.31169706276739,71.23682403564453,0.0,0.0,18.356069643098788,1743.75,18.356069643098788,1762.1060696430989
2023-07-23,Race Pace Intervals,Bike,136.0,3.21226692199707,86385.2734375,5.0,0.0,0.0,128.77243337360807,0.0,128.77243337360807,56.57666015625,0.0,121.74522724234063,0.0,1743.75,121.74522724234063,1865.4952272423407
2023-07-25,Zone 3 Intervals,Run,143.0,1.12816774845123,10237.41015625,1.2,0.0,47.162512951100325,0.0,0.0,47.162512951100325,71.76935577392578,46.88383282591134,0.0,0.0,1743.75,46.88383282591134,1790.6338328259114
2023-07-29,Endurance Swim,Swim,125.0,1.44131497383118,2000.0,1.18279199918111,3017.52001953125,0.0,0.0,4.584375049598903,4.584375049598903,62.333194732666016,0.0,0.0,3.983641857489488,1743.75,3.983641857489488,1747.7336418574896
2023-08-01,Lap Swimming,Swim,134.0,1.66809111701118,4400.0,0.0,0.0,0.0,0.0,36.44403377795082,36.44403377795082,72.06488800048828,0.0,0.0,33.94856118349259,1743.75,33.94856118349259,1777.6985611834925
2023-08-02,Easy Effort spin,Bike,136.0,0.979294419288635,0.0,0.5,0.0,0.0,39.25767329527885,0.0,39.25767329527885,69.8685531616211,0.0,37.115353271866,0.0,1743.75,37.115353271866,1780.865353271866
2023-08-05,Long Ladder Swim,Swim,124.0,0.868685002856784,2200.0,1.15311644342211,2743.2001953125,0.0,0.0,16.797758962666943,16.797758962666943,62.333194732666016,0.0,0.0,14.479820030383738,1743.75,14.479820030383738,1758.2298200303837
2023-08-08,Descending 400s,Run,124.0,0.746046423912048,5442.10986328125,1.6025,12066.0,20.557678386932356,0.0,0.0,20.557678386932356,62.333194732666016,17.720904553212456,0.0,0.0,1743.75,17.720904553212456,1761.4709045532124
2023-08-11,Zone 2 RunLap Swimming,RunSwim,281.0,1.33491305033366,9276.25,1.0,0.0,40.29907287644953,0.0,11.659960181942186,51.95903305839171,146.35037231445312,39.50065537420495,0.0,11.347893121111618,3487.5,50.84854849531657,3538.3485484953167
2023-08-13,Race Pace IntervalsBrick Run Mile Repeats,BikeRun,285.0,1.43191397190094,29951.0693359375,2.750555555555556,5845.0,26.531751801607584,35.80136660664203,0.0,62.33311840824961,142.92941284179688,26.743858263698993,34.84317917921365,0.0,3487.5,61.587037442912646,3549.0870374429123
2023-08-20,RunningLap SwimmingCycling,RunSwimBike,423.0,10.74452497058445,203961.828125,0.0,0.0,107.03902853079964,333.9005558583598,28.53004440027775,469.46962878943714,189.14749908447266,98.96552516229652,348.1757621046504,27.76646656961338,5231.25,474.9077538365603,5706.15775383656
2023-08-24,Running,Run,143.0,0.061095554381609,583.349975585938,0.0,0.0,2.5540704196986272,0.0,0.0,2.5540704196986272,84.590576171875,2.538978588925295,0.0,0.0,1743.75,2.538978588925295,1746.2889785889254
2023-08-25,Lap Swimming,Swim,126.0,0.464197223451402,1250.0,0.0,0.0,0.0,0.0,10.790284919554827,10.790284919554827,58.745880126953125,0.0,0.0,9.45134445508452,1743.75,9.45134445508452,1753.2013444550846
2023-08-26,CyclingRunningCycling,BikeRunBike,389.0,1.727108240127563,28585.24951171875,0.0,0.0,25.133007293304082,35.0226289042453,0.0,60.155636197549384,186.7604103088379,26.032798656255185,29.907255459878307,0.0,5231.25,55.94005411613349,5287.190054116134
2023-08-27,Lap Swimming,Swim,115.0,0.154823889202542,550.0,0.0,0.0,0.0,0.0,8.262663630665232,8.262663630665232,57.71738052368164,0.0,0.0,6.605535749228375,1743.75,6.605535749228375,1750.3555357492285
2023-08-31,RunningRunningLap Swimming,RunRunSwim,411.0,3.723926212787624,25029.490234375,0.0,0.0,132.6040566903906,0.0,18.409688613141938,151.01374530353254,183.24748992919922,134.01894226884264,0.0,15.101447732712888,5231.25,149.12039000155553,5380.370390001555
2023-09-08,CyclingRunning,BikeRun,276.0,1.2462156414985661,19981.8603515625,0.0,0.0,23.29468382340411,26.070222512084737,0.0,49.36490633548885,143.83424377441406,21.699601198026766,25.73494332093175,0.0,3487.5,47.43454451895852,3534.9345445189583
2023-09-11,Treadmill Running,Run,144.0,1.00596356391907,8220.0,0.0,0.0,42.89069702485077,0.0,0.0,42.89069702485077,71.76935577392578,42.93542142216553,0.0,0.0,1743.75,42.93542142216553,1786.6854214221655
2023-09-13,Indoor Cycling,Bike,125.0,1.13425922393799,0.0,0.0,0.0,0.0,35.45063951777156,0.0,35.45063951777156,47.5952033996582,0.0,30.80521334530028,0.0,1743.75,30.80521334530028,1774.5552133453002
2023-09-14,Treadmill Running,Run,134.0,0.14517804980278,1001.20001220703,0.0,0.0,5.035668384116098,0.0,0.0,5.035668384116098,87.09989929199219,4.690855498585728,0.0,0.0,1743.75,4.690855498585728,1748.4408554985857
2023-09-15,Lap SwimmingRunning,SwimRun,264.0,2.1136313242382503,11510.6904296875,0.0,0.0,43.00853846820753,0.0,21.984383901876985,64.99292237008451,133.7155532836914,43.053385745025274,0.0,18.339423484360363,3487.5,61.392809229385634,3548.8928092293854
2023-09-17,Treadmill Running,Run,147.0,1.07829165458679,8470.0,0.0,0.0,48.71866194311602,0.0,0.0,48.71866194311602,72.54154205322266,49.78549395646892,0.0,0.0,1743.75,49.78549395646892,1793.5354939564688
2023-09-18,Indoor Cycling,Bike,134.0,2.00288867950439,0.0,0.0,0.0,0.0,76.91092529296859,0.0,76.91092529296859,66.1148681640625,0.0,71.644518521083,0.0,1743.75,71.644518521083,1815.394518521083
2023-09-20,Lap Swimming,Swim,141.0,1.07390528149075,2875.0,0.0,0.0,0.0,0.0,24.529547731498305,24.529547731498305,71.76935577392578,0.0,0.0,24.043560862991036,1743.75,24.043560862991036,1767.793560862991
2023-09-21,Treadmill Running,Run,146.0,0.154764726758003,1234.46997070313,0.0,0.0,6.859921936812624,0.0,0.0,6.859921936812624,86.8310546875,6.962451183695816,0.0,0.0,1743.75,6.962451183695816,1750.7124511836957
2023-09-22,Treadmill Running,Run,144.0,2.00079870223999,16850.0,0.0,0.0,85.30691768911215,0.0,0.0,85.30691768911215,57.31940841674805,85.39587172215607,0.0,0.0,1743.75,85.39587172215607,1829.145871722156
2023-09-23,Lap SwimmingLap SwimmingLap Swimming,SwimSwimSwim,338.0,0.3217488892873125,875.0,0.0,0.0,0.0,0.0,7.724799381659013,7.724799381659013,148.0633773803711,0.0,0.0,6.078657682780566,5231.25,6.078657682780566,5237.32865768278
2023-09-26,Treadmill RunningIndoor Cycling,RunBike,300.0,0.5377446860075,1644.26000976563,0.0,0.0,9.256914273615811,18.978681564331083,0.0,28.235595837946896,139.3035888671875,9.202215788161704,20.713611439693988,0.0,3487.5,29.915827227855694,3517.4158272278555
2023-09-27,Lap SwimmingLap SwimmingLap SwimmingLap Swimming,SwimSwimSwimSwim,570.0,0.7946861145231463,2175.0,0.0,0.0,0.0,0.0,19.452394919815973,19.452394919815973,307.47281646728516,0.0,0.0,19.058809985703896,6975.0,19.058809985703896,6994.058809985704
2023-09-28,Indoor CyclingTreadmill Running,BikeRun,287.0,1.454237431287767,2863.8701171875,0.0,0.0,19.711272026759566,45.40764677051342,0.0,65.11891879727298,136.21888732910156,19.86885258171802,44.82367633933199,0.0,3487.5,64.69252892105001,3552.1925289210503
2023-09-29,Lap Swimming,Swim,137.0,0.733383336597019,2025.0,0.0,0.0,0.0,0.0,18.378961031703877,18.378961031703877,71.02661895751953,0.0,0.0,17.50377241114655,1743.75,17.50377241114655,1761.2537724111467
2023-09-30,Treadmill Running,Run,144.0,1.89234387874603,16548.740234375,0.0,0.0,80.68279098889568,0.0,0.0,80.68279098889568,71.76935577392578,80.76692320056294,0.0,0.0,1743.75,80.76692320056294,1824.516923200563
2023-10-04,Lap Swimming,Swim,137.0,0.668813336160448,1800.0,0.0,0.0,0.0,0.0,15.520854116007513,15.520854116007513,71.02661895751953,0.0,0.0,14.78176582476906,1743.75,14.78176582476906,1758.531765824769
2023-10-05,Indoor Cycling,Bike,139.0,0.430479437112808,0.0,0.0,0.0,0.0,18.376019767687307,0.0,18.376019767687307,68.86324310302734,0.0,17.756459838085057,0.0,1743.75,17.756459838085057,1761.506459838085
2023-10-07,Running,Run,147.0,0.725803375244141,7008.2939453125,0.0,0.0,32.792769122600866,0.0,0.0,32.792769122600866,72.54154205322266,33.51085895740234,0.0,0.0,1743.75,33.51085895740234,1777.2608589574024
2023-10-08,Indoor Cycling,Bike,141.0,1.26684188842773,0.0,0.0,0.0,0.0,56.33111840520309,0.0,56.33111840520309,68.86324310302734,0.0,55.21506913544411,0.0,1743.75,55.21506913544411,1798.965069135444
2023-10-10,Treadmill Running,Run,144.0,1.00793719291687,8400.0,0.0,0.0,42.97484552328576,0.0,0.0,42.97484552328576,71.76935577392578,43.01965766668856,0.0,0.0,1743.75,43.01965766668856,1786.7696576666885
2023-10-12,Treadmill Running,Run,145.0,0.427839159965515,2033.36999511719,0.0,0.0,18.60096570483225,0.0,0.0,18.60096570483225,66.56742858886719,18.749669984015828,0.0,0.0,1743.75,18.749669984015828,1762.4996699840158
2023-10-13,Lap Swimming,Swim,122.0,0.50996083577474,1475.0,0.0,0.0,0.0,0.0,14.689613285487543,14.689613285487543,58.358882904052734,0.0,0.0,12.4583442532463,1743.75,12.4583442532463,1756.2083442532462
2023-10-14,Treadmill Running,Run,146.0,1.26596105098724,11500.0,0.0,0.0,56.113522549599026,0.0,0.0,56.113522549599026,71.1600570678711,56.95220224012136,0.0,0.0,1743.75,56.95220224012136,1800.7022022401213
2023-10-15,Indoor Cycling,Bike,140.0,1.25720369815826,0.0,0.0,0.0,0.0,54.77890805495014,0.0,54.77890805495014,68.86324310302734,0.0,53.312805892895526,0.0,1743.75,53.312805892895526,1797.0628058928955
2023-10-16,Lap Swimming,Swim,140.0,0.509910001754761,1350.0,0.0,0.0,0.0,0.0,11.26476651566811,11.26476651566811,68.81803131103516,0.0,0.0,10.963276414275533,1743.75,10.963276414275533,1754.7132764142755
2023-10-19,Lap Swimming,Swim,148.0,0.510488057666355,1500.0,0.0,0.0,0.0,0.0,15.417379194780983,15.417379194780983,70.25943756103516,0.0,0.0,15.862162814234171,1743.75,15.862162814234171,1759.6121628142341
2023-10-20,Indoor Cycling,Bike,133.0,1.00071001052856,0.0,0.0,0.0,0.0,37.59642917438339,0.0,37.59642917438339,66.1148681640625,0.0,34.76068877436907,0.0,1743.75,34.76068877436907,1778.510688774369
2023-10-22,Lap SwimmingTreadmill Running,SwimRun,283.0,1.3782450286547339,9500.0,0.0,0.0,40.363277716109366,0.0,12.979966982445307,53.34324469855467,142.2913589477539,41.52773793523939,0.0,12.181408012722393,3487.5,53.70914594796178,3541.2091459479616
2023-10-24,Lap Swimming,Swim,123.0,0.50165416876475,1400.0,0.0,0.0,0.0,0.0,12.980254455787946,12.980254455787946,52.05531311035156,0.0,0.0,11.09886199556425,1743.75,11.09886199556425,1754.8488619955642
2023-10-25,Indoor CyclingTreadmill Running,BikeRun,231.0,1.70837527513504,72.370002746582,0.0,0.0,7.045702131285822,43.23702600583687,0.0,50.28272813712269,104.14659881591797,4.4571351682100095,42.07983066261495,0.0,3487.5,46.53696583082496,3534.036965830825
2023-10-26,Lap SwimmingTreadmill Running,SwimRun,281.0,1.030584733486176,5644.60986328125,0.0,0.0,21.49252135622869,0.0,15.683940250835338,37.17646160706403,140.58738708496094,21.21611423416388,0.0,15.155145602127993,3487.5,36.37125983629187,3523.8712598362918
2023-10-28,Indoor Cycling,Bike,140.0,1.19194781780243,0.0,0.0,0.0,0.0,51.93557735580131,0.0,51.93557735580131,68.86324310302734,0.0,50.54557406890638,0.0,1743.75,50.54557406890638,1794.2955740689065
2023-10-29,Running,Run,143.0,1.11425471305847,8759.0595703125,0.0,0.0,46.58088516321064,0.0,0.0,46.58088516321064,71.76935577392578,46.305641837602515,0.0,0.0,1743.75,46.305641837602515,1790.0556418376025
2023-10-30,Lap Swimming,Swim,113.0,0.502705001831055,1375.0,0.0,0.0,0.0,0.0,12.245869641107035,12.245869641107035,47.62913513183594,0.0,0.0,9.619626482065312,1743.75,9.619626482065312,1753.3696264820653
2023-10-31,Treadmill Running,Run,97.0,0.175787776708603,907.820007324219,0.0,0.0,2.1791873145694582,0.0,0.0,2.1791873145694582,39.51079559326172,1.4694554710687342,0.0,0.0,1743.75,1.4694554710687342,1745.2194554710688
2023-11-09,Lap SwimmingTreadmill RunningLap Swimming,SwimRunSwim,349.0,0.759583049482769,1699.9799995422363,0.0,0.0,2.5232592689381117,0.0,16.5136019689171,19.036861237855213,140.3344669342041,1.7716314644612392,0.0,14.69393842262758,5231.25,16.46556988708882,5247.715569887088
2023-11-11,Lap SwimmingTreadmill Running,SwimRun,284.0,0.423523618115319,2805.0,0.0,0.0,10.519386453304817,0.0,3.8974565258357643,14.416842979140581,153.40860748291016,10.384100635170554,0.0,3.847332823557029,3487.5,14.231433458727583,3501.7314334587277
2023-11-12,Indoor Cycling,Bike,148.0,1.00058269500732,0.0,0.0,0.0,0.0,51.00588504091757,0.0,51.00588504091757,72.63257598876953,0.0,52.4773791175238,0.0,1743.75,52.4773791175238,1796.2273791175237
2023-11-13,Treadmill Running,Run,112.0,0.713391363620758,2772.919921875,0.0,0.0,14.325323468649874,0.0,0.0,14.325323468649874,51.568634033203125,11.153536520603305,0.0,0.0,1743.75,11.153536520603305,1754.9035365206032
2023-11-14,Lap SwimmingLap Swimming,SwimSwim,281.0,0.5317869461907281,1425.0,0.0,0.0,0.0,0.0,12.18721403638476,12.18721403638476,171.51950073242188,0.0,0.0,11.868719960073033,3487.5,11.868719960073033,3499.368719960073
2023-11-15,Lap SwimmingLap SwimmingTreadmill Running,SwimSwimRun,380.0,1.405452738602956,2056.5,0.0,0.0,16.499929067647404,0.0,12.069000871343107,28.56892993899051,205.89348602294922,12.961362423664628,0.0,11.230451759735043,5231.25,24.19181418339967,5255.441814183399
2023-11-17,Treadmill Running,Run,142.0,0.57941609621048,5599.64990234375,0.0,0.0,23.744939398011613,0.0,0.0,23.744939398011613,71.76935577392578,23.439564786358357,0.0,0.0,1743.75,23.439564786358357,1767.1895647863585
2023-11-18,Treadmill Running,Run,151.0,1.00552356243134,9460.0,0.0,0.0,48.958235551861556,0.0,0.0,48.958235551861556,76.68180084228516,51.391682782975984,0.0,0.0,1743.75,51.391682782975984,1795.141682782976
2023-11-21,Treadmill Running,Run,121.0,0.480642229318619,3098.60009765625,0.0,0.0,12.292964223116597,0.0,0.0,12.292964223116597,61.946197509765625,10.340275780306625,0.0,0.0,1743.75,10.340275780306625,1754.0902757803067
2023-11-22,Indoor Cycling,Bike,143.0,1.00090634822845,0.0,0.0,0.0,0.0,46.32247557631041,0.0,46.32247557631041,65.05883026123047,0.0,46.04875917561619,0.0,1743.75,46.04875917561619,1789.7987591756162
2023-11-23,Treadmill Running,Run,121.0,0.241381391882896,1035.5,0.0,0.0,6.173599891023103,0.0,0.0,6.173599891023103,73.69998168945312,5.192948118274559,0.0,0.0,1743.75,5.192948118274559,1748.9429481182747
2023-11-24,Running,Run,140.0,0.928726375102997,8709.98046875,0.0,0.0,36.55278235020497,0.0,0.0,36.55278235020497,71.76935577392578,35.574484039128926,0.0,0.0,1743.75,35.574484039128926,1779.324484039129
2023-11-26,Cycling,Bike,124.0,0.518984198570251,11371.6201171875,0.0,0.0,0.0,15.832059362660269,0.0,15.832059362660269,62.333194732666016,0.0,13.647378247965753,0.0,1743.75,13.647378247965753,1757.3973782479657
2023-11-28,Running,Run,148.0,0.762388944625854,6510.3798828125,0.0,0.0,35.10498810934811,0.0,0.0,35.10498810934811,73.21076202392578,36.117749323486414,0.0,0.0,1743.75,36.117749323486414,1779.8677493234864
2023-11-29,Indoor CyclingIndoor Cycling,BikeBike,144.0,0.580660015344619,16581.7802734375,0.0,0.0,0.0,25.415749927189005,0.0,25.415749927189005,71.76935577392578,0.0,14.203635798499349,0.0,3487.5,14.203635798499349,1757.9536357984994
2023-11-30,Virtual Activity CyclingIndoor Cycling,BikeBike,154.0,3.47867047786713,94601.25,0.0,0.0,0.0,171.03100839625705,0.0,171.03100839625705,54.37333679199219,0.0,114.36850732072224,0.0,3487.5,114.36850732072224,1858.1185073207223
2023-12-02,Lap SwimmingLap Swimming,SwimSwim,220.0,0.49534639040629097,1300.0,0.0,0.0,0.0,0.0,10.668184525816525,10.668184525816525,104.52164649963379,0.0,0.0,8.99786138166828,3487.5,8.99786138166828,3496.4978613816684
2023-12-03,Indoor CyclingVirtual Activity Cycling,BikeBike,140.0,2.8744007349014202,74109.86328125,0.0,0.0,0.0,120.24976042186796,0.0,120.24976042186796,57.31940841674805,0.0,61.11559626851254,0.0,3487.5,61.11559626851254,1804.8655962685125
2023-12-04,Treadmill Running,Run,110.0,0.231263890862465,1142.21997070313,0.0,0.0,4.382340952181019,0.0,0.0,4.382340952181019,37.938209533691406,3.351112302675787,0.0,0.0,1743.75,3.351112302675787,1747.1011123026758
2023-12-06,Virtual Activity CyclingIndoor Cycling,BikeBike,142.0,2.07406222820282,64310.4296875,0.0,0.0,0.0,88.62920369038284,0.0,88.62920369038284,71.76935577392578,0.0,46.51421996675922,0.0,3487.5,46.51421996675922,1790.2642199667591
2023-12-15,Indoor CyclingVirtual Activity Cycling,BikeBike,140.0,0.971095293760299,25129.150390625,0.0,0.0,0.0,40.821253079773086,0.0,40.821253079773086,71.76935577392578,0.0,23.029834745787984,0.0,3487.5,23.029834745787984,1766.779834745788
2023-12-16,Running,Run,139.0,0.974264442920685,8603.7001953125,0.0,0.0,37.56650834003439,0.0,0.0,37.56650834003439,71.76935577392578,36.29992811445798,0.0,0.0,1743.75,36.29992811445798,1780.049928114458
2023-12-17,Indoor Cycling,Bike,136.0,1.00023663043976,28532.19921875,0.0,0.0,0.0,40.09719863848342,0.0,40.09719863848342,71.02661895751953,0.0,37.90906510138162,0.0,1743.75,37.90906510138162,1781.6590651013817
2023-12-18,Virtual Activity CyclingIndoor Cycling,BikeBike,316.0,0.811450272798539,24556.140625,0.0,0.0,0.0,49.537993534706544,0.0,49.537993534706544,137.64659118652344,0.0,54.415546095202046,0.0,3487.5,54.415546095202046,3541.915546095202
2023-12-20,Virtual Activity CyclingIndoor Cycling,BikeBike,313.0,0.8068727850913999,24997.390625,0.0,0.0,0.0,47.99146279026745,0.0,47.99146279026745,137.64659118652344,0.0,52.212533046096084,0.0,3487.5,52.212533046096084,3539.712533046096
2023-12-23,Treadmill Running,Run,102.0,1.50754499435425,4820.9501953125,0.0,0.0,22.240947939383783,0.0,0.0,22.240947939383783,31.34672737121582,15.770432324067748,0.0,0.0,1743.75,15.770432324067748,1759.5204323240678
2023-12-24,Running,Run,139.0,1.34474194049835,11721.5400390625,0.0,0.0,51.85169148889683,0.0,0.0,51.85169148889683,71.76935577392578,50.10347665593785,0.0,0.0,1743.75,50.10347665593785,1793.8534766559378
2023-12-28,Running,Run,148.0,0.89554637670517,8454.5302734375,0.0,0.0,41.236359901615835,0.0,0.0,41.236359901615835,73.21076202392578,42.42600810176672,0.0,0.0,1743.75,42.42600810176672,1786.1760081017667
2024-01-03,Indoor CyclingIndoor Cycling,BikeBike,267.0,1.390106081962586,39960.439453125,0.0,0.0,0.0,52.78292083091233,0.0,52.78292083091233,142.26344299316406,0.0,48.99284139736148,0.0,3487.5,48.99284139736148,3536.4928413973616
2024-01-07,Indoor CyclingVirtual Activity CyclingVirtual Activity Cycling,BikeBikeBike,463.0,1.896202772855758,50242.2587890625,0.0,0.0,0.0,109.05660837444776,0.0,109.05660837444776,210.85735321044922,0.0,117.32558783841363,0.0,5231.25,117.32558783841363,5348.575587838413
2024-01-08,Virtual Activity CyclingIndoor Cycling,BikeBike,309.0,0.971495002508163,25405.7294921875,0.0,0.0,0.0,55.69953993470995,0.0,55.69953993470995,145.50509643554688,0.0,59.80230635243326,0.0,3487.5,59.80230635243326,3547.3023063524333
2024-01-14,Virtual Activity CyclingIndoor Cycling,BikeBike,235.0,2.6152149438858,30078.240234375,0.0,0.0,0.0,66.62245137461636,0.0,66.62245137461636,98.17952346801758,0.0,54.26740965315735,0.0,3487.5,54.26740965315735,3541.7674096531573
2024-01-16,easy effort spinSwim TestIndoor Cycling,BikeSwimBike,271.0,2.535359829796685,65694.05078125,1.351666666666667,1554.47998046875,0.0,83.61984394989301,9.556059640874743,93.17590359076775,139.50418853759766,0.0,40.87663107233512,8.835286285966914,5231.25,49.71191735830204,3537.2119173583023
2024-01-17,Run Test,Run,152.0,1.01387917995453,8600.0,0.833333333333333,0.0,50.2750006589023,0.0,0.0,50.2750006589023,76.68180084228516,53.12339311889573,0.0,0.0,1743.75,53.12339311889573,1796.8733931188958
2024-01-21,Vo2 building duration intervals,Bike,143.0,1.16168284416199,30989.640625,1.0,0.0,0.0,53.76329690720512,0.0,53.76329690720512,57.31940841674805,0.0,53.445613192424965,0.0,1743.75,53.445613192424965,1797.195613192425
2024-01-22,Swim Test,Swim,126.0,0.498796113332113,1300.0,0.601666666666667,1554.47998046875,0.0,0.0,10.512158143410568,10.512158143410568,58.745880126953125,0.0,0.0,9.207729760651592,1743.75,9.207729760651592,1752.9577297606515
2024-01-23,Indoor CyclingVirtual Activity CyclingVirtual Activity Cyclingeasy effort spin,BikeBikeBikeBike,593.0,3.215712726116182,66493.2099609375,0.75,0.0,0.0,162.49384969970913,0.0,162.49384969970913,276.37350845336914,0.0,166.77100865755872,0.0,6975.0,166.77100865755872,7141.771008657559
2024-01-24,Run Test,Run,141.0,1.00113415718079,9890.0,0.833333333333333,0.0,40.210843007426774,0.0,0.0,40.210843007426774,71.76935577392578,39.41417354221185,0.0,0.0,1743.75,39.41417354221185,1783.1641735422118
2024-01-25,Virtual Activity CyclingIndoor Cycling,BikeBike,254.0,1.7393761575222029,25682.6396484375,0.0,0.0,0.0,48.66308699722328,0.0,48.66308699722328,102.50678443908691,0.0,42.61708618141908,0.0,3487.5,42.61708618141908,3530.117086181419
2024-01-26,Lap Swimming,Swim,134.0,0.374390835232205,975.0,0.0,0.0,0.0,0.0,7.87175156809304,7.87175156809304,74.24055480957031,0.0,0.0,7.332740424918089,1743.75,7.332740424918089,1751.082740424918
2024-01-31,Virtual Activity CyclingVirtual Activity CyclingIndoor Cycling,BikeBikeBike,426.0,2.191078364849092,49846.560546875,0.0,0.0,0.0,98.46432244818249,0.0,98.46432244818249,211.82947540283203,0.0,97.49046310924433,0.0,5231.25,97.49046310924433,5328.740463109245
2024-02-13,Indoor Cyclingeasy effort spin,BikeBike,304.0,1.2068313956260681,30015.4501953125,0.75,0.0,0.0,64.68812785013411,0.0,64.68812785013411,139.9833526611328,0.0,67.9799342236206,0.0,3487.5,67.9799342236206,3555.4799342236206
2024-02-14,Lap SwimmingRun Test,SwimRun,286.0,1.4899222003089019,10150.0,0.833333333333333,0.0,47.919459447501644,0.0,9.786453915101351,57.705913362603,142.2913589477539,49.96815375130515,0.0,9.252399947541077,3487.5,59.22055369884623,3546.7205536988463
2024-02-16,Bike TestVirtual Activity CyclingIndoor Cycling,BikeBikeBike,436.0,1.809122502803802,21904.830078125,1.0,0.0,0.0,87.85121140020328,0.0,87.85121140020328,215.0144271850586,0.0,88.8399428173671,0.0,5231.25,88.8399428173671,5320.089942817367
2024-02-20,Zone 4 Pyramid RunEasy mixed Effort spinIndoor Cycling,RunBikeBike,270.0,2.567245006561281,32460.35009765625,1.583333333333333,0.0,43.48780786833983,52.19985350507868,0.0,95.6876613734185,143.0915069580078,40.207705571701055,29.813885444117783,0.0,5231.25,70.02159101581884,3557.521591015819
2024-02-21,Base Building steady effort,Bike,138.0,1.17375159263611,0.0,1.25,0.0,0.0,49.07657320711254,0.0,49.07657320711254,69.8685531616211,0.0,47.080758446865,0.0,1743.75,47.080758446865,1790.830758446865
2024-02-23,Vo2 step up intervalsVirtual Activity CyclingCycling,BikeBikeBike,409.0,2.69300967454911,51523.419921875,1.0,0.0,0.0,109.13413126626432,0.0,109.13413126626432,197.47183227539062,0.0,103.58902833401967,0.0,5231.25,103.58902833401967,5334.8390283340195
2024-02-27,CyclingVirtual Activity CyclingEasy mixed Effort spin,BikeBikeBike,397.0,1.777367174625397,43106.58984375,0.75,0.0,0.0,64.85384740892566,0.0,64.85384740892566,213.5002670288086,0.0,59.43548359820503,0.0,5231.25,59.43548359820503,5290.685483598205
2024-02-28,Base Building steady effortZone 4 Pyramid RunCycling,BikeRunBike,422.0,2.8671383261680647,54597.4609375,2.083333333333333,0.0,37.785731706371095,84.00236907573206,0.0,121.78810078210316,214.59477996826172,38.613156488262426,80.28732036968137,0.0,5231.25,118.9004768579438,5350.150476857943
2024-02-29,Vo2 step up intervals,Bike,139.0,1.00163972377777,23161.140625,1.0,0.0,0.0,42.757330031115494,0.0,42.757330031115494,71.76935577392578,0.0,41.31573774296179,0.0,1743.75,41.31573774296179,1785.0657377429618
2024-03-01,Zone 1 Run,Run,142.0,0.769614458084106,6080.080078125,0.666666666666667,0.0,31.539421818896496,0.0,0.0,31.539421818896496,71.76935577392578,31.133805340864114,0.0,0.0,1743.75,31.133805340864114,1774.883805340864
2024-03-02,Muscular Endurance broken intervalsVirtual Activity CyclingCycling,BikeBikeBike,399.0,2.27000105381012,59341.91015625,1.5,0.0,0.0,87.06768512419359,0.0,87.06768512419359,215.45784759521484,0.0,81.30657418032858,0.0,5231.25,81.30657418032858,5312.556574180328
2024-03-03,Long Zone 2 Run,Run,132.0,1.38964354991913,8593.4599609375,1.0,0.0,46.12845879794394,0.0,0.0,46.12845879794394,71.23682403564453,42.328512765579426,0.0,0.0,1743.75,42.328512765579426,1786.0785127655795
2024-03-05,Virtual Activity CyclingCyclingEasy mixed Effort spinZone 3 Intervals,BikeBikeBikeRun,526.0,2.244693860411645,38913.4296875,1.583333333333333,0.0,28.56490862971244,56.104107741552426,0.0,84.66901637126486,268.61645126342773,28.197546231624383,51.381633635440345,0.0,6975.0,79.57917986706474,7054.579179867065
2024-03-06,Base BuildingBroken 500s,BikeSwim,250.0,1.531073600451151,1000.0,2.126843110720317,2103.1201171875,0.0,41.24314421832221,8.098237597746822,49.34138181606903,129.40867614746094,0.0,37.5589286937797,6.6992719786713355,3487.5,44.25820067245103,3531.758200672451
2024-03-07,Vo2 short recovery intervalsVirtual Activity CyclingCycling,BikeBikeBike,415.0,3.023481011390682,83549.5390625,1.0,0.0,0.0,126.38363047204967,0.0,126.38363047204967,200.3255844116211,0.0,121.61536005260078,0.0,5231.25,121.61536005260078,5352.8653600526
2024-03-12,Indoor Cycling,Bike,128.0,1.00240302085876,22744.349609375,0.0,0.0,0.0,33.63526385907625,0.0,33.63526385907625,72.45166778564453,0.0,29.929188557259366,0.0,1743.75,29.929188557259366,1773.6791885572593
2024-03-14,Bike TestCycling,BikeBike,276.0,2.01321637630463,56068.94921875,1.0,0.0,0.0,85.18077464996091,0.0,85.18077464996091,135.5439567565918,0.0,83.15784634780442,0.0,3487.5,83.15784634780442,3570.6578463478045
2024-03-15,Run TestLap Swimming,RunSwim,289.0,1.205511692365012,9350.0,0.833333333333333,0.0,49.876419965885944,0.0,4.967844147549696,54.84426411343564,161.53494262695312,52.702230342820044,0.0,4.731280140523521,3487.5,57.43351048334357,3544.9335104833435
2024-03-19,CyclingBase Building steady effortZone 4 Pyramid Run,BikeBikeRun,421.0,2.602301239967347,57317.6787109375,1.65,0.0,36.84915864771323,75.09854676457574,0.0,111.94770541228897,201.76699447631836,38.16840207514266,71.94342169550393,0.0,5231.25,110.1118237706466,5341.361823770647
2024-03-20,Base Build Pyramid,Bike,120.0,0.698213934898376,0.0,1.25,0.0,0.0,19.27228845333105,0.0,19.27228845333105,49.87754821777344,0.0,16.07698723948367,0.0,1743.75,16.07698723948367,1759.8269872394837
2024-03-21,Zone 3 Intervals,Run,140.0,0.609796941280365,5759.759765625,0.833333333333333,0.0,24.000368106235744,0.0,0.0,24.000368106235744,71.76935577392578,23.358022487820676,0.0,0.0,1743.75,23.358022487820676,1767.1080224878206
2024-03-22,Muscular EnduranceCycling,BikeBike,264.0,1.020914435386658,25583.5400390625,0.75,0.0,0.0,37.597557232465554,0.0,37.597557232465554,143.3017120361328,0.0,34.52986599568115,0.0,3487.5,34.52986599568115,3522.029865995681
2024-03-24,Vo2 step up intervals with foundation pyramidVirtual Activity CyclingCycling,BikeBikeBike,401.0,3.500627279281613,91712.23046875,1.5,0.0,0.0,135.06840639240562,0.0,135.06840639240562,185.42841720581055,0.0,126.03899888000427,0.0,5231.25,126.03899888000427,5357.288998880004
2024-03-26,Easy mixed Effort spinZone 3 Intervals,BikeRun,252.0,1.302013039588928,4399.43017578125,1.75,0.0,14.093906592169823,26.98671176203707,0.0,41.08061835420689,127.2330093383789,11.855145621498423,24.57601140651273,0.0,3487.5,36.43115702801116,3523.931157028011
2024-04-02,Base BuildingZone 4 Pyramid Run,BikeRun,277.0,1.941067755222323,27445.599609375,2.2,0.0,35.52419556822983,42.7076437023503,0.0,78.23183927058014,142.7959747314453,34.07952025315061,41.26772662236143,0.0,3487.5,75.34724687551204,3562.8472468755117
2024-04-04,Zone 5 Hill RepeatsVo2 intervals,RunBike,268.0,1.3383660912513728,3909.67993164063,1.5,0.0,26.509912987727866,21.281825069398643,0.0,47.79173805712651,122.4190902709961,27.090422031254754,17.90129185538572,0.0,3487.5,44.99171388664047,3532.4917138866404
2024-04-06,Muscular Endurance broken intervals with foundation pyramidCycling,BikeBike,293.0,3.61101329326629,99783.9609375,2.0,0.0,0.0,178.90180390886155,0.0,178.90180390886155,114.80168914794922,0.0,182.20161323310316,0.0,3487.5,182.20161323310316,3669.701613233103
2024-04-11,Muscular EnduranceCycling,BikeBike,286.0,2.05543994903564,59641.490234375,1.0,0.0,0.0,95.12684878690011,0.0,95.12684878690011,143.53871154785156,0.0,94.56475061888575,0.0,3487.5,94.56475061888575,3582.0647506188857
2024-04-12,Zone 3 Intervals,Run,133.0,0.833735823631287,7098.06982421875,1.0,0.0,28.29383111327377,0.0,0.0,28.29383111327377,72.06488800048828,26.15974652808767,0.0,0.0,1743.75,26.15974652808767,1769.9097465280877
2024-04-13,Vo2 intervalsCycling,BikeBike,281.0,2.6014530658721897,72650.9921875,1.25,0.0,0.0,114.51208354845377,0.0,114.51208354845377,114.6388168334961,0.0,111.84899805631267,0.0,3487.5,111.84899805631267,3599.3489980563127
2024-04-16,Vo2 short recovery intervalsZone 1 RunLap Swimming,BikeRunSwim,403.0,1.340163578722211,5493.06982421875,1.25,0.0,20.942392797875875,19.712504672914008,6.757611227333321,47.412508698123204,209.12142944335938,20.81864560372784,18.225673420212466,5.966052317492749,5231.25,45.01037134143306,5276.260371341433
2024-04-17,CyclingBase Building,BikeBike,284.0,2.51044976711273,73500.953125,1.25,0.0,0.0,113.89564160813899,0.0,113.89564160813899,114.6388168334961,0.0,112.4308731898209,0.0,3487.5,112.4308731898209,3599.930873189821
2024-04-19,Easy Effort spinCycling,BikeBike,116.0,1.3306739330291748,27708.990234375,0.75,0.0,0.0,42.4679574760913,0.0,42.4679574760913,51.216453552246094,0.0,14.293223191392663,0.0,3487.5,14.293223191392663,1758.0432231913926
2024-04-21,Muscular Endurance with step downsCycling,BikeBike,256.0,3.16748440265655,92022.44140625,2.0,0.0,0.0,106.28377153292027,0.0,106.28377153292027,114.10065460205078,0.0,94.57297710263327,0.0,3487.5,94.57297710263327,3582.072977102633
2024-04-23,Easy Effort spinZone 3 Intervals,BikeRun,263.0,1.2876808047294621,6386.97998046875,1.66666666666667,0.0,29.238793263872772,16.258374153779005,0.0,45.49716741765178,121.64690399169922,28.862764292456962,13.67579612518081,0.0,3487.5,42.53856041763777,3530.0385604176377
2024-04-25,Base Build PyramidCycling,BikeBike,272.0,2.7550995349883998,76126.69921875,1.5,0.0,0.0,110.38537214131331,0.0,110.38537214131331,113.1533203125,0.0,104.3541198096548,0.0,3487.5,104.3541198096548,3591.8541198096545
2024-04-28,Zone 2 RunEndurance Step UpsCycling,RunBikeBike,430.0,5.86171764135361,132864.0859375,3.83333333333333,0.0,46.6174769596148,208.62156233508114,0.0,255.23903929469594,190.5778694152832,49.58271793410541,200.86137203198052,0.0,5231.25,250.44408996608593,5481.694089966086
2024-05-03,Endurance Step UpsCycling,BikeBike,272.0,5.8787746429443395,157303.9453125,3.0,0.0,0.0,235.66662871103,0.0,235.66662871103,113.1533203125,0.0,222.80612794369193,0.0,3487.5,222.80612794369193,3710.3061279436915
2024-05-06,Zone 5 Hill Repeats,Run,149.0,0.637498915195465,4884.3798828125,0.75,0.0,29.91076462020168,0.0,0.0,29.91076462020168,73.21076202392578,30.981605341745222,0.0,0.0,1743.75,30.981605341745222,1774.7316053417453
2024-05-10,Muscular Endurance,Bike,136.0,0.737008333206177,21342.9609375,1.0,0.0,0.0,29.544978293579344,0.0,29.544978293579344,71.02661895751953,0.0,27.932687159727433,0.0,1743.75,27.932687159727433,1771.6826871597275
2024-05-13,Vo2 short recovery step up intervalsCycling,BikeBike,258.0,1.196117788553238,24157.83984375,2.0,0.0,0.0,42.26639331518365,0.0,42.26639331518365,119.66009140014648,0.0,38.38780532064487,0.0,3487.5,38.38780532064487,3525.887805320645
2024-05-14,Zone 5 Repeats,Run,148.0,0.710555255413055,4879.97998046875,0.733333333333333,0.0,32.71825223613586,0.0,0.0,32.71825223613586,73.21076202392578,33.66215732324023,0.0,0.0,1743.75,33.66215732324023,1777.4121573232403
2024-05-15,Easy Effort spinVirtual Activity CyclingCycling,BikeBikeBike,253.0,1.734890013933181,44933.2607421875,0.75,0.0,0.0,60.68278324595018,0.0,60.68278324595018,134.78486251831055,0.0,34.592641416161435,0.0,5231.25,34.592641416161435,3522.0926414161613
2024-05-19,Race Pace IntervalsZone 2 RunCycling,BikeRunBike,406.0,7.14268302917481,92537.12890625,4.75,0.0,37.11325594183762,240.6548796770932,0.0,277.76813561893084,193.71814727783203,34.829958652402354,226.38519423403858,0.0,5231.25,261.21515288644093,5492.4651528864415
2024-05-21,Zone 3 Intervals,Run,139.0,0.904826402664185,8534.169921875,1.1,0.0,34.88905794413216,0.0,0.0,34.88905794413216,71.76935577392578,33.7127497687478,0.0,0.0,1743.75,33.7127497687478,1777.4627497687477
2024-05-23,Indoor CyclingVirtual Activity Cycling,BikeBike,128.0,1.1788391470909119,35691.150390625,0.0,0.0,0.0,43.2690396563092,0.0,43.2690396563092,72.45166778564453,0.0,18.225587391820863,0.0,3487.5,18.225587391820863,1761.975587391821
2024-05-24,Endurance Step UpsZone 2b Long RunVirtual Activity CyclingCycling,BikeRunBikeBike,270.0,2.950157940387728,59561.7001953125,2.78333333333333,0.0,28.492860399987094,86.44836795532869,0.0,114.94122835531579,143.0061798095703,25.749543635720006,50.810829086696465,0.0,6975.0,76.56037272241647,3564.0603727224166
2024-05-26,Race Pace IntervalsCyclingVirtual Activity Cycling,BikeBikeBike,134.0,6.827767074108131,176495.84765625,4.0,0.0,0.0,267.91898343675786,0.0,267.91898343675786,57.614933013916016,0.0,122.72973632812511,0.0,5231.25,122.72973632812511,1866.479736328125
2024-05-28,Zone 3 Intervals,Run,130.0,1.13442468643188,9457.16015625,1.3,0.0,36.00157682560677,0.0,0.0,36.00157682560677,71.23682403564453,32.53531447569607,0.0,0.0,1743.75,32.53531447569607,1776.2853144756962
2024-05-30,Zone 2b Long Run,Run,139.0,0.87030416727066,8174.14990234375,1.86666666666667,0.0,33.557920537598406,0.0,0.0,33.557920537598406,71.76935577392578,32.42649255979269,0.0,0.0,1743.75,32.42649255979269,1776.1764925597927
2024-06-02,Virtual Activity Cycling,Bike,0.0,0.830900251865387,24050.94921875,0.0,0.0,0.0,33.308890550393464,0.0,33.308890550393464,0.0,0.0,0.0,0.0,1743.75,0.0,0.0
2024-06-03,Virtual Activity CyclingCyclingVirtual Activity CyclingVirtual Activity CyclingBrick RunRace Pace Intervals,BikeBikeBikeBikeRunBike,267.0,9.438029572367665,225641.52221679688,6.0,0.0,31.24128327434177,334.0561808779919,0.0,365.29746415233365,129.6798210144043,28.88488477919677,156.5981791539037,0.0,10462.5,185.48306393310045,3672.9830639331003
2024-06-07,Lap Swimming,Swim,126.0,0.213540000915527,525.0,0.0,0.0,0.0,0.0,3.777699250916098,3.777699250916098,71.74864196777344,0.0,0.0,3.308933650437458,1743.75,3.308933650437458,1747.0589336504374
2024-06-09,Brick Run,Run,145.0,0.746568620204926,7126.2001953125,0.5,0.0,32.45821935012934,0.0,0.0,32.45821935012934,71.1600570678711,32.71770459345676,0.0,0.0,1743.75,32.71770459345676,1776.4677045934568
2024-06-18,Zone 3 Intervals,Run,149.0,1.06181001663208,9439.33984375,1.2,0.0,49.81898591798656,0.0,0.0,49.81898591798656,73.21076202392578,51.60256448925963,0.0,0.0,1743.75,51.60256448925963,1795.3525644892595
2024-06-23,Race Pace IntervalsVirtual Activity CyclingCycling,BikeBikeBike,141.0,9.227148652076721,233774.0546875,6.0,0.0,0.0,390.67157029005887,0.0,390.67157029005887,58.321815490722656,0.0,206.83319743529742,0.0,5231.25,206.83319743529742,1950.5831974352975
2024-06-24,Lap Swimming,Swim,136.0,0.380623890558879,1000.0,0.0,0.0,0.0,0.0,8.217048722805687,8.217048722805687,74.84358215332031,0.0,0.0,7.768638347595229,1743.75,7.768638347595229,1751.5186383475952
2024-06-25,Lap SwimmingZone 3 Intervals,SwimRun,267.0,0.665876117679808,4830.7900390625,1.18333333333333,0.0,20.77415165651381,0.0,5.398146219693851,26.172297876207658,136.82740020751953,20.79581396272498,0.0,4.615724609123001,3487.5,25.411538571847984,3512.911538571848
2024-06-30,Lap Swimming,Swim,144.0,0.518218613730537,1600.0,0.0,0.0,0.0,0.0,18.156907532501574,18.156907532501574,67.1767349243164,0.0,0.0,18.1758406998973,1743.75,18.1758406998973,1761.9258406998972
2024-07-03,CyclingRace Pace Intervals,BikeBike,131.0,3.3846435546875,74025.83984375,6.0,0.0,0.0,128.41571043732034,0.0,128.41571043732034,56.78687286376953,0.0,57.28883650863125,0.0,3487.5,57.28883650863125,1801.0388365086312
2024-07-04,500s SwimZone 2b Long Run,SwimRun,278.0,0.9947199903594119,8001.490234375,2.9594444444444443,2103.1201171875,34.687634992123975,0.0,6.634227467095371,41.321862459219346,155.41017150878906,34.964943162029726,0.0,6.1338356143460855,3487.5,41.09877877637581,3528.5987787763756
2024-07-05,Endurance Swim,Swim,134.0,0.515355836020576,1350.0,0.974095554351807,2468.88012695313,0.0,0.0,11.027951789826975,11.027951789826975,68.47756958007812,0.0,0.0,10.272822661361241,1743.75,10.272822661361241,1754.0228226613613
2024-07-07,CyclingVirtual Activity CyclingVirtual Activity CyclingBrick RunRace Pace Intervals,BikeBikeBikeRunBike,280.0,10.48461496829986,210554.6923828125,6.0,0.0,37.13866824880989,399.9214287092643,0.0,437.0600969580742,130.09117126464844,36.14468929324564,212.30815078802507,0.0,8718.75,248.45284008127072,3735.9528400812706
2024-07-10,Zone 3 IntervalsLong Endurance Swim,RunSwim,278.0,1.3381655640072339,11798.6103515625,2.46758044189877,3017.52001953125,46.70671275026645,0.0,5.864440749493281,52.57115349975973,155.41017150878906,47.080106699955756,0.0,5.422110668631257,3487.5,52.50221736858701,3540.0022173685866
2024-07-14,Broken 1000Race Pace Intervals,SwimBike,271.0,1.924384522438053,35413.71875,4.853813198005935,2743.2001953125,0.0,48.90875210608801,15.883131775665088,64.7918838817531,128.5562286376953,0.0,44.879772526962924,15.347621250034392,3487.5,60.22739377699732,3547.727393776997
2024-07-20,Race Pace IntervalsBrick Run Mile Repeats,BikeRun,288.0,4.189075708389286,95920.19873046875,5.750555555555556,5845.0,29.353451284259148,183.02155040279473,0.0,212.37500168705387,133.25845336914062,27.955667889770616,192.11855481975672,0.0,3487.5,220.07422270952733,3707.5742227095275
2024-07-21,Running,Run,133.0,0.229660555720329,2157.17993164063,0.0,0.0,7.793808053767004,0.0,0.0,7.793808053767004,68.47756958007812,7.205953918324724,0.0,0.0,1743.75,7.205953918324724,1750.9559539183247
2024-07-29,Race Pace Intervals,Bike,143.0,5.11041021347046,116454.5,6.0,0.0,0.0,236.51248962243707,0.0,236.51248962243707,58.321815490722656,0.0,235.11495318740705,0.0,1743.75,235.11495318740705,1978.864953187407
2024-07-30,RunningLap SwimmingLap SwimmingLap Swimming,RunSwimSwimSwim,514.0,1.2487846962610885,4986.2399902343805,0.0,0.0,17.05292121739216,0.0,4.8878188866678975,21.94074010406006,269.0763740539551,16.596516999895048,0.0,4.320239343122253,6975.0,20.9167563430173,6995.916756343017
2024-08-03,Brick Run Mile Repeats,Run,108.0,2.4390766620636,10138.990234375,1.00083333333333,7856.0,43.54054206658988,0.0,0.0,43.54054206658988,31.34672737121582,32.68945806876404,0.0,0.0,1743.75,32.68945806876404,1776.439458068764
2024-08-05,Race Pace Intervals,Bike,146.0,5.30361700057983,137148.46875,6.0,0.0,0.0,260.25219574263036,0.0,260.25219574263036,57.71250534057617,0.0,264.1419574447274,0.0,1743.75,264.1419574447274,2007.8919574447273
2024-08-08,Lap Swimming,Swim,139.0,1.19343747986688,4000.0,0.0,0.0,0.0,0.0,53.49196833474949,53.49196833474949,71.76935577392578,0.0,0.0,51.68845045902105,1743.75,51.68845045902105,1795.438450459021
2024-08-18,Lap SwimmingCyclingRunning,SwimBikeRun,415.0,13.8743292511834,223902.93359375,0.0,0.0,173.59691418989792,334.6471465963496,143.699207448031,651.9432682342785,188.91608810424805,154.4692736621963,341.97518630283895,139.85324325842433,5231.25,636.2977032234595,5867.547703223459
2024-08-23,easy ride,Bike,125.0,0.815555572509766,19062.240234375,0.5,0.0,0.0,25.489734619371397,0.0,25.489734619371397,62.333194732666016,0.0,22.149578223298047,0.0,1743.75,22.149578223298047,1765.899578223298
2024-08-27,easy swim,Swim,126.0,0.493931110170152,2100.0,0.333333333333333,0.0,0.0,0.0,45.189035557181576,45.189035557181576,62.333194732666016,0.0,0.0,39.581636984392624,1743.75,39.581636984392624,1783.3316369843926
2024-08-29,Lap Swimming,Swim,115.0,0.197228889465332,1200.0,0.0,0.0,0.0,0.0,52.88233582165688,52.88233582165688,60.05573272705078,0.0,0.0,42.27645894675385,1743.75,42.27645894675385,1786.0264589467538
2024-09-04,Muscular Endurance,Bike,130.0,0.663369417190552,14509.91015625,1.0,0.0,0.0,23.306462457725374,0.0,23.306462457725374,71.23682403564453,0.0,21.062496485952718,0.0,1743.75,21.062496485952718,1764.8124964859528
2024-09-08,Vo2 short recovery step up intervals,Bike,0.0,0.0,0.0,2.0,0.0,0.0,80.17542533081286,0.0,80.17542533081286,0.0,0.0,0.0,0.0,1743.75,0.0,0.0
2024-09-10,25s Sprint workoutZone 5 Repeats,SwimRun,0.0,0.0,0.0,1.582023555967543,2011.68005371094,28.862509391434997,0.0,27.27852687551429,56.141036266949286,-64.74722265030687,0.0,0.0,0.0,3487.5,0.0,0.0
2024-09-11,Easy Effort spin,Bike,0.0,0.0,0.0,0.75,0.0,0.0,30.06578449905482,0.0,30.06578449905482,0.0,0.0,0.0,0.0,1743.75,0.0,0.0
2024-09-12,Zone 3 IntervalsShort Sprints With Builds,RunSwim,0.0,0.0,0.0,1.7152777777777781,2011.68005371094,35.42217061676115,0.0,26.20458699652778,61.62675761328893,-65.02770881534275,0.0,0.0,0.0,3487.5,0.0,0.0
2024-09-13,Endurance Step Ups,Bike,0.0,0.0,0.0,1.25,0.0,0.0,50.109640831758036,0.0,50.109640831758036,0.0,0.0,0.0,0.0,1743.75,0.0,0.0
2024-09-14,Zone 2 Run4X500 Endurance Swim,RunSwim,0.0,0.0,0.0,2.1515004433525933,2194.56005859375,49.19745918994604,0.0,28.975948368950245,78.17340755889629,-81.76231735614783,0.0,0.0,0.0,3487.5,0.0,0.0
2024-09-15,Race Pace IntervalsZone 1 Run,BikeRun,0.0,0.0,0.0,4.0,0.0,19.678983675978415,140.3069943289225,0.0,159.98597800490091,0.0,0.0,0.0,0.0,3487.5,0.0,0.0
2024-09-17,Zone 3 Intervals,Run,0.0,0.0,0.0,1.1,0.0,43.29376408715252,0.0,0.0,43.29376408715252,0.0,0.0,0.0,0.0,1743.75,0.0,0.0
2024-09-18,Long Endurance SwimBase Build Pyramid,SwimBike,0.0,0.0,0.0,2.2675804418987697,3017.52001953125,0.0,40.08771266540643,40.74245965022158,80.830172315628,-182.9542421506967,0.0,0.0,0.0,3487.5,0.0,0.0
2024-09-19,Zone 2b Long Run,Run,0.0,0.0,0.0,1.53333333333333,0.0,60.34888327300035,0.0,0.0,60.34888327300035,0.0,0.0,0.0,0.0,1743.75,0.0,0.0
2024-09-20,Endurance Step Upspull/swim/sprint,BikeSwim,0.0,0.0,0.0,1.871388888888889,1737.36010742188,0.0,50.109640831758036,19.972627295138885,70.08226812689692,-44.40488030192347,0.0,0.0,0.0,3487.5,0.0,0.0
2024-09-21,Zone 1 RunEndurance Swim,RunSwim,0.0,0.0,0.0,1.4740955543518068,2468.88012695313,19.678983675978415,0.0,31.309294074614762,50.98827775059318,-111.18915588196,0.0,0.0,0.0,3487.5,0.0,0.0
2024-09-22,Race Pace IntervalsBrick Run,BikeRun,0.0,0.0,0.0,4.75,0.0,29.518475513967626,160.3508506616257,0.0,189.86932617559333,0.0,0.0,0.0,0.0,3487.5,0.0,0.0
2024-09-24,Kick it Into Gear!Zone 3 Intervals,SwimRun,0.0,0.0,0.0,2.47646800041199,2926.080078125,51.165357557543885,0.0,37.81393152829214,88.97928908583603,-169.9638645473616,0.0,0.0,0.0,3487.5,0.0,0.0
2024-09-25,Easy Effort spin,Bike,0.0,0.0,0.0,0.5,0.0,0.0,20.043856332703214,0.0,20.043856332703214,0.0,0.0,0.0,0.0,1743.75,0.0,0.0
2024-09-26,Broken 500sZone 2b Long Run,SwimRun,0.0,0.0,0.0,2.8686071109771802,2377.43994140625,73.46820572365289,0.0,32.20428209123953,105.6724878148924,-100.46864936411532,0.0,0.0,0.0,3487.5,0.0,0.0
2024-09-27,Muscular Endurance,Bike,0.0,0.0,0.0,1.0,0.0,0.0,40.08771266540643,0.0,40.08771266540643,0.0,0.0,0.0,0.0,1743.75,0.0,0.0
2024-09-28,Endurance Swim,Swim,0.0,0.0,0.0,0.974095554351807,2468.88012695313,0.0,0.0,31.309294074614762,31.309294074614762,-111.18915588196,0.0,0.0,0.0,1743.75,0.0,0.0
2024-09-29,Race Pace IntervalsBrick Run,BikeRun,0.0,0.0,0.0,6.0,0.0,39.35796735195683,200.43856332703214,0.0,239.79653067898897,0.0,0.0,0.0,0.0,3487.5,0.0,0.0
2024-10-01,Bike Test,Bike,0.0,0.0,0.0,1.0,0.0,0.0,40.08771266540643,0.0,40.08771266540643,0.0,0.0,0.0,0.0,1743.75,0.0,0.0
2024-10-02,Zone 4 Pyramid Run,Run,0.0,0.0,0.0,1.2,0.0,47.2295608223482,0.0,0.0,47.2295608223482,0.0,0.0,0.0,0.0,1743.75,0.0,0.0
2024-10-03,Swim Test,Swim,0.0,0.0,0.0,0.601666666666667,1554.47998046875,0.0,0.0,19.338717354166672,19.338717354166672,-32.2754622076082,0.0,0.0,0.0,1743.75,0.0,0.0
2024-10-04,Run Test,Run,0.0,0.0,0.0,0.833333333333333,0.0,32.798306126630685,0.0,0.0,32.798306126630685,0.0,0.0,0.0,0.0,1743.75,0.0,0.0
2024-10-05,Broken 1000,Swim,0.0,0.0,0.0,1.14708844555749,2743.2001953125,0.0,0.0,36.86961644686985,36.86961644686985,-144.53989569713303,0.0,0.0,0.0,1743.75,0.0,0.0
2024-10-06,Brick RunRace Pace Intervals,RunBike,0.0,0.0,0.0,3.5,0.0,19.678983675978415,120.26313799621929,0.0,139.9421216721977,0.0,0.0,0.0,0.0,3487.5,0.0,0.0
2024-10-08,Zone 3 Intervals,Run,0.0,0.0,0.0,1.05,0.0,41.32586571955468,0.0,0.0,41.32586571955468,0.0,0.0,0.0,0.0,1743.75,0.0,0.0
2024-10-09,Easy Effort spin75 Sprints Swim,BikeSwim,0.0,0.0,0.0,1.668914224836561,2490.56005859375,0.0,30.06578449905482,29.535660609702063,59.601445108756884,-114.16442428279936,0.0,0.0,0.0,3487.5,0.0,0.0
2024-10-10,Zone 2b Long Run,Run,0.0,0.0,0.0,2.2,0.0,86.58752817430504,0.0,0.0,86.58752817430504,0.0,0.0,0.0,0.0,1743.75,0.0,0.0
2024-10-11,Muscular Endurance broken intervalsBroken 300 Swim,BikeSwim,0.0,0.0,0.0,1.7574168883429628,1920.23999023438,0.0,40.08771266540643,24.344827351141777,64.4325400165482,-57.56718355465364,0.0,0.0,0.0,3487.5,0.0,0.0
2024-10-12,Endurance Swim,Swim,0.0,0.0,0.0,1.18279199918111,3017.52001953125,0.0,0.0,38.0171969433793,38.0171969433793,-183.49356639667053,0.0,0.0,0.0,1743.75,0.0,0.0
2024-10-13,Race Pace IntervalsBrick Run Mile Repeats,BikeRun,0.0,0.0,0.0,5.750555555555556,5845.0,29.540341051385397,200.43856332703214,0.0,229.97890437841755,-852.3358921038658,0.0,0.0,0.0,3487.5,0.0,0.0
2024-10-15,Zone 3 Intervals,Run,0.0,0.0,0.0,1.2,0.0,47.2295608223482,0.0,0.0,47.2295608223482,0.0,0.0,0.0,0.0,1743.75,0.0,0.0
2024-10-16,Long Endurance Swim,Swim,0.0,0.0,0.0,1.26758044189877,3017.52001953125,0.0,0.0,40.74245965022158,40.74245965022158,-182.9542421506967,0.0,0.0,0.0,1743.75,0.0,0.0
2024-10-17,Zone 2b Long Run,Run,0.0,0.0,0.0,2.28333333333333,0.0,89.86735878696797,0.0,0.0,89.86735878696797,0.0,0.0,0.0,0.0,1743.75,0.0,0.0
2024-10-18,Muscular EnduranceBroken 300 Swim,BikeSwim,0.0,0.0,0.0,1.7574168883429628,1920.23999023438,0.0,40.08771266540643,24.344827351141777,64.4325400165482,-57.56718355465364,0.0,0.0,0.0,3487.5,0.0,0.0
2024-10-19,Endurance Swim,Swim,0.0,0.0,0.0,1.18279199918111,3017.52001953125,0.0,0.0,38.0171969433793,38.0171969433793,-183.49356639667053,0.0,0.0,0.0,1743.75,0.0,0.0
2024-10-20,Race Pace IntervalsBrick Run Mile Repeats,BikeRun,0.0,0.0,0.0,6.750555555555556,5845.0,29.540341051385397,240.52627599243857,0.0,270.06661704382395,-852.3358921038658,0.0,0.0,0.0,3487.5,0.0,0.0
2024-10-22,Zone 3 Intervals,Run,0.0,0.0,0.0,1.18333333333333,0.0,46.57359469981545,0.0,0.0,46.57359469981545,0.0,0.0,0.0,0.0,1743.75,0.0,0.0
2024-10-23,Endurance SwimEasy Effort spin,SwimBike,0.0,0.0,0.0,1.328250221676297,2103.1201171875,0.0,20.043856332703214,26.621546153225133,46.66540248592835,-73.38243445844023,0.0,0.0,0.0,3487.5,0.0,0.0
2024-10-24,Zone 2b Long Run,Run,0.0,0.0,0.0,2.53333333333333,0.0,99.70685062495718,0.0,0.0,99.70685062495718,0.0,0.0,0.0,0.0,1743.75,0.0,0.0
2024-10-25,Muscular EnduranceBroken 1000,BikeSwim,0.0,0.0,0.0,2.1470884455574897,2743.2001953125,0.0,40.08771266540643,36.86961644686985,76.95732911227628,-144.53989569713303,0.0,0.0,0.0,3487.5,0.0,0.0
2024-10-26,Long Ladder Swim,Swim,0.0,0.0,0.0,1.15311644342211,2743.2001953125,0.0,0.0,37.06336782678465,37.06336782678465,-144.49822256985715,0.0,0.0,0.0,1743.75,0.0,0.0
2024-10-27,Race Pace IntervalsBrick Run Mile Repeats,BikeRun,0.0,0.0,0.0,7.00083333333333,7856.0,39.39076565808333,240.52627599243857,0.0,279.9170416505219,-1620.3170188645518,0.0,0.0,0.0,3487.5,0.0,0.0
2024-10-29,Easy mixed Effort spinDescending 400s,BikeRun,0.0,0.0,0.0,2.3525,12066.0,63.07114268151083,30.06578449905482,0.0,93.13692718056565,-4025.2929688921786,0.0,0.0,0.0,3487.5,0.0,0.0
2024-10-30,Short Ladder Set,Swim,0.0,0.0,0.0,0.972041777504815,2377.43994140625,0.0,0.0,31.243281758904224,31.243281758904224,-100.69750107898585,0.0,0.0,0.0,1743.75,0.0,0.0
2024-10-31,Endurance Step Ups,Bike,0.0,0.0,0.0,1.0,0.0,0.0,40.08771266540643,0.0,40.08771266540643,0.0,0.0,0.0,0.0,1743.75,0.0,0.0
2024-11-01,Zone 2 RunEasy Effort spin,RunBike,0.0,0.0,0.0,1.5,0.0,39.35796735195683,20.043856332703214,0.0,59.401823684660044,0.0,0.0,0.0,0.0,3487.5,0.0,0.0
2024-11-02,Endurance Swim #3,Swim,0.0,0.0,0.0,1.53733377668593,3931.92016601563,0.0,0.0,49.412847733533695,49.412847733533695,-345.3350127975524,0.0,0.0,0.0,1743.75,0.0,0.0
2024-11-03,Race Pace IntervalsBrick Run Mile Repeats,BikeRun,0.0,0.0,0.0,2.750555555555556,5845.0,29.540341051385397,80.17542533081286,0.0,109.71576638219825,-852.3358921038658,0.0,0.0,0.0,3487.5,0.0,0.0
2024-11-04,Simple Swim,Swim,0.0,0.0,0.0,0.999949333932665,2423.16015625,0.0,0.0,32.140283995697,32.140283995697,-105.67691280286442,0.0,0.0,0.0,1743.75,0.0,0.0
2024-11-05,Zone 3 Intervals,Run,0.0,0.0,0.0,0.833333333333333,0.0,32.798306126630685,0.0,0.0,32.798306126630685,0.0,0.0,0.0,0.0,1743.75,0.0,0.0
2024-11-06,Base BuildingSprints!,BikeSwim,0.0,0.0,0.0,1.25,1188.71997070313,0.0,30.06578449905482,16.070956249999995,46.136740749054816,-14.737054654971075,0.0,0.0,0.0,3487.5,0.0,0.0
2024-11-07,Muscular Endurance short intervalsZone 2 Run,BikeRun,0.0,0.0,0.0,1.25,0.0,19.678983675978415,30.06578449905482,0.0,49.744768175033236,0.0,0.0,0.0,0.0,3487.5,0.0,0.0
2024-11-09,Shake Out SwimShake Out RunTest Ride,SwimRunBike,0.0,0.0,0.0,0.705,662.940002441406,9.839491837989208,6.681285444234418,9.26758477083332,25.788362053056947,-4.651039220057953,0.0,0.0,0.0,5231.25,0.0,0.0
2024-11-14,easy swim,Swim,0.0,0.0,0.0,0.333333333333333,0.0,0.0,0.0,10.71397083333332,10.71397083333332,0.0,0.0,0.0,0.0,1743.75,0.0,0.0
2024-11-15,easy ride,Bike,0.0,0.0,0.0,0.5,0.0,0.0,20.043856332703214,0.0,20.043856332703214,0.0,0.0,0.0,0.0,1743.75,0.0,0.0
2024-11-17,active recovery run,Run,0.0,0.0,0.0,0.333333333333333,0.0,13.119322450652264,0.0,0.0,13.119322450652264,0.0,0.0,0.0,0.0,1743.75,0.0,0.0
2024-11-19,easy swim,Swim,0.0,0.0,0.0,0.333333333333333,0.0,0.0,0.0,10.71397083333332,10.71397083333332,0.0,0.0,0.0,0.0,1743.75,0.0,0.0
2024-11-20,active recovery run,Run,0.0,0.0,0.0,0.333333333333333,0.0,13.119322450652264,0.0,0.0,13.119322450652264,0.0,0.0,0.0,0.0,1743.75,0.0,0.0
2024-11-21,easy ride,Bike,0.0,0.0,0.0,0.5,0.0,0.0,20.043856332703214,0.0,20.043856332703214,0.0,0.0,0.0,0.0,1743.75,0.0,0.0
2024-11-22,easy swim,Swim,0.0,0.0,0.0,0.333333333333333,0.0,0.0,0.0,10.71397083333332,10.71397083333332,0.0,0.0,0.0,0.0,1743.75,0.0,0.0
2024-11-23,active recovery run,Run,0.0,0.0,0.0,0.333333333333333,0.0,13.119322450652264,0.0,0.0,13.119322450652264,0.0,0.0,0.0,0.0,1743.75,0.0,0.0
2024-11-24,easy ride,Bike,0.0,0.0,0.0,0.5,0.0,0.0,20.043856332703214,0.0,20.043856332703214,0.0,0.0,0.0,0.0,1743.75,0.0,0.0
